benefit_id,collected_period,region,provider_type,provider_name,payment_method,category,merchant_brand,discount_type,discount_value,unit,cap_krw,usage_limit,membership_grade,valid_until,notes,source_name,source_date,source_url,verified
PAY001A,2026-08 마지막주,회기동,pay,네이버페이,Npay 현장결제(QR),편의점,CU,percent,5,%,5000,1일 1회,네이버플러스 멤버십,상시,"[즉시할인분] 결제 시 5% 즉시할인. PAY001B(적립)와 중복되어 합산 최대 10%. 멤버십/CU멤버십/결제 ID 일치 필요. 삼성페이 제외",네이버 공식 고객센터,공식페이지,https://help.naver.com/service/23168/contents/23131,Y
PAY001B,2026-08 마지막주,회기동,pay,네이버페이,Npay 현장결제(QR),편의점,CU,point,5,%,5000,1일 1회,네이버플러스 멤버십,상시,"[적립분] 5% 즉시적립(포인트). PAY001A(할인)와 중복되어 합산 최대 10%. 유효구매금액 한도와 무관하게 적립. 삼성페이 제외",네이버 공식 고객센터,공식페이지,https://help.naver.com/service/23168/contents/23131,Y
KP001,2026-08 마지막주,회기동,pay,카카오페이,카카오페이 굿딜(바코드),편의점,세븐일레븐,percent,10,%,5000,1일 1회,,2026-10-31,"세븐일레븐 굿딜 입점(2026-08-19) 기념 특별 프로모션. 기본 3% + 한시 혜택 = 최대 10%. 1일 1회 최대 5000원. 휴게소/리조트 등 특수매장 및 담배/복권 제외. 8월 마지막주 유효",비즈월드·더밸류뉴스·웹이코노미·비즈니스플러스,2026-08-19~22,https://m.search.naver.com/search.naver?where=m_news&query=%EC%B9%B4%EC%B9%B4%EC%98%A4%ED%8E%98%EC%9D%B4+%EA%B5%BF%EB%94%9C,PARTIAL
KP002,2026-08 마지막주,회기동,pay,카카오페이,카카오페이 굿딜(바코드),편의점,CU,percent,3,%,,,,상시,"굿딜 기본 할인 3%(조건 없는 상시 할인). 세븐일레븐 입점으로 편의점 4사(CU/GS25/이마트24/세븐일레븐) 모두 굿딜 이용 가능",매일경제·전자신문·SBS Biz,2026-08-19,https://m.search.naver.com/search.naver?where=m_news&query=%EC%B9%B4%EC%B9%B4%EC%98%A4%ED%8E%98%EC%9D%B4+%EA%B5%BF%EB%94%9C,PARTIAL
KP003,2026-08 마지막주,회기동,pay,카카오페이,카카오페이 굿딜(바코드),편의점,GS25,percent,3,%,,,,상시,"굿딜 기본 할인 3%(조건 없는 상시 할인). 편의점 4사 모두 이용 가능",매일경제·전자신문·SBS Biz,2026-08-19,https://m.search.naver.com/search.naver?where=m_news&query=%EC%B9%B4%EC%B9%B4%EC%98%A4%ED%8E%98%EC%9D%B4+%EA%B5%BF%EB%94%9C,PARTIAL
KP004,2026-08 마지막주,회기동,pay,카카오페이,카카오페이 굿딜(바코드),편의점,이마트24,percent,3,%,,,,상시,"굿딜 기본 할인 3%(조건 없는 상시 할인). 편의점 4사 모두 이용 가능",매일경제·전자신문·SBS Biz,2026-08-19,https://m.search.naver.com/search.naver?where=m_news&query=%EC%B9%B4%EC%B9%B4%EC%98%A4%ED%8E%98%EC%9D%B4+%EA%B5%BF%EB%94%9C,PARTIAL
KP005,2026-08 마지막주,회기동,pay,카카오페이,카카오페이 굿딜(바코드),음식점,자담치킨,percent,3,%,,,,상시,"2026-08-03부터 굿딜 도입. 매장 방문(홀/포장) 결제 시 3% 즉시 할인. 할인 비용은 가맹점 부담 아님(카카오페이 제공)",시선뉴스·K스피릿·신아일보·이넷뉴스,2026-08-03,https://m.search.naver.com/search.naver?where=m_news&query=%EC%B9%B4%EC%B9%B4%EC%98%A4%ED%8E%98%EC%9D%B4+%EA%B5%BF%EB%94%9C,PARTIAL
KP006,2026-08 마지막주,회기동,pay,카카오페이,카카오페이 굿딜(바코드),음식점,멕시카나치킨,percent,3,%,,,,상시,"카카오페이 앱/카카오톡 굿딜 바코드 결제 시 결제금액 3% 즉시 할인. 조사일 당일 보도로 가장 최신",에너지경제·데일리경제·뉴스로드,2026-08-28,https://m.search.naver.com/search.naver?where=m_news&query=%EC%B9%B4%EC%B9%B4%EC%98%A4%ED%8E%98%EC%9D%B4+%EA%B5%BF%EB%94%9C,PARTIAL
KP007,2026-08 마지막주,회기동,pay,카카오페이,카카오페이 굿딜(바코드),카페,카페인중독,percent,5,%,,,,상시,"굿딜로 전 메뉴 상시 5% 할인. 시즌/이벤트 한정이 아닌 상시 적용",하이뉴스,2026-07-29,https://m.search.naver.com/search.naver?where=m_news&query=%EC%B9%B4%EC%B9%B4%EC%98%A4%ED%8E%98%EC%9D%B4+%EA%B5%BF%EB%94%9C,PARTIAL
KP008,2026-08 마지막주,회기동,pay,카카오페이,카카오페이 굿딜(바코드),카페,"공차/더벤티/메가MGC커피/컴포즈커피/빽다방/이디야/뚜레쥬르 등",percent,,,,,,상시,"굿딜 제휴 카페 브랜드군. 굿딜 전체 가맹점 90여곳(2026-08). [중요] 브랜드별 할인율은 카카오페이 앱/카카오톡 결제화면에서 굿딜 선택 시에만 확인 가능(공식 보도)하여 외부 수집 불가",핸드메이커·카드오늘,2026-08 / 2025-04,https://m.search.naver.com/search.naver?where=m_news&query=%EA%B5%BF%EB%94%9C+%EB%A9%94%EA%B0%80MGC%EC%BB%A4%ED%94%BC+%ED%95%A0%EC%9D%B8%EC%9C%A8,N
TEL001,2026-08 마지막주,회기동,telecom,SKT,SKT 우주패스 라이프,편의점,세븐일레븐,percent,30,%,9000,1일,우주패스 라이프,2026-08,"[적용범위 주의] 최대 30% 할인 및 일 최대 9000원 한도로 보도됨. 단 원 기사 문맥이 '추석 시즌 편의점 업계 할인 행사'이며 관련 기사들이 추석 선물세트를 다루므로, 일반 상품 결제에도 동일 적용되는지 불명확. 일반 결제 적용 여부 앱 확인 필요",한국경제,2026-08-21,https://m.search.naver.com/search.naver?where=m_news&query=%ED%86%B5%EC%8B%A0%EC%82%AC+%EB%A9%A4%EB%B2%84%EC%8B%AD+%ED%8E%B8%EC%9D%98%EC%A0%90,N
TEL002,2026-08 마지막주,회기동,telecom,SKT,T멤버십,편의점,세븐일레븐,percent,,,,,등급별 상이,2026-08,"일반 T멤버십 고객은 세븐일레븐에서 할인 또는 적립 혜택 이용 가능(보도). 등급별 할인율/한도 수치는 미공개",한국경제,2026-08-21,https://m.search.naver.com/search.naver?where=m_news&query=%ED%86%B5%EC%8B%A0%EC%82%AC+%EB%A9%A4%EB%B2%84%EC%8B%AD+%ED%8E%B8%EC%9D%98%EC%A0%90,N
TEL003,2026-08 마지막주,회기동,telecom,SKT,T멤버십 VIP 해피아워,카페,백미당,percent,,,,특정 시간대,VIP,2026-08-31,"2026-08-03~08-31 VIP 고객 대상 특정 시간대 할인(해피아워) 운영. 8월 마지막주 유효. 할인율 수치는 미공개",전자신문·뉴스웍스·데일리포스트,2026-08,https://m.search.naver.com/search.naver?where=m_news&query=%ED%86%B5%EC%8B%A03%EC%82%AC+8%EC%9B%94+%EB%A9%A4%EB%B2%84%EC%8B%AD+%ED%98%9C%ED%83%9D+T+day+%EB%B8%8C%EB%9E%9C%EB%93%9C+%EC%9C%84%ED%81%AC,PARTIAL
TEL004,2026-08 마지막주,회기동,telecom,SKT,T멤버십 VIP 해피아워,음식점,쉐이크쉑,percent,,,,특정 시간대,VIP,2026-08-31,"2026-08-03~08-31 VIP 고객 대상 특정 시간대 할인(해피아워) 운영. 8월 마지막주 유효. 할인율 수치는 미공개",전자신문·뉴스웍스·데일리포스트,2026-08,https://m.search.naver.com/search.naver?where=m_news&query=%ED%86%B5%EC%8B%A03%EC%82%AC+8%EC%9B%94+%EB%A9%A4%EB%B2%84%EC%8B%AD+%ED%98%9C%ED%83%9D+T+day+%EB%B8%8C%EB%9E%9C%EB%93%9C+%EC%9C%84%ED%81%AC,PARTIAL
TEL005,2026-08 마지막주,회기동,telecom,SKT,T day(매주 수요일),편의점,T day 제휴 브랜드,percent,,,,매주 수요일,,상시,"T day는 매월 첫째주 월~금 + 매주 수요일 운영(상시 구조). 8월 마지막주 수요일에도 운영. 단 해당 주차 대상 브랜드/할인율은 미공개",전자신문·브릿지경제·여성소비자신문,2026-08,https://m.search.naver.com/search.naver?where=m_news&query=%ED%86%B5%EC%8B%A03%EC%82%AC+8%EC%9B%94+%EB%A9%A4%EB%B2%84%EC%8B%AD+%ED%98%9C%ED%83%9D+T+day+%EB%B8%8C%EB%9E%9C%EB%93%9C+%EC%9C%84%ED%81%AC,N
TEL006,2026-08 마지막주,회기동,telecom,SKT,T day 브랜드 위크,기타(카테고리 외),11번가,percent,,,,,,2026-08-31,"[시점 주의] 8월 T day 브랜드 위크 순서: 2주차 뚜레쥬르(카페/베이커리), 3주차 도미노피자(음식점), 4주차 11번가. 8월 마지막주(4주차)는 11번가로 온라인 쇼핑이므로 편의점/음식점/카페 카테고리와 무관. 뚜레쥬르/도미노피자 혜택은 마지막주에 이미 종료",전자신문·파이낸셜투데이·뉴스웍스·데일리포스트,2026-08,https://m.search.naver.com/search.naver?where=m_news&query=%ED%86%B5%EC%8B%A03%EC%82%AC+8%EC%9B%94+%EB%A9%A4%EB%B2%84%EC%8B%AD+%ED%98%9C%ED%83%9D+T+day+%EB%B8%8C%EB%9E%9C%EB%93%9C+%EC%9C%84%ED%81%AC,PARTIAL
TEL007,2026-08 마지막주,회기동,telecom,SKT,T멤버십 영 위크(Young Week),편의점,영위크 제휴 브랜드,percent,,,,,만 13~34세,2026-08 1주차,"[시점 주의] 만 13~34세 청년 대상으로 편의점/외식/문화 혜택 강화. 단 8월 첫째 주에만 운영되어 8월 마지막주에는 종료. 대학생 타겟 혜택이므로 향후 재운영 시 수집 가치 높음",뉴스1·전자신문·뉴스웍스,2026-08,https://m.search.naver.com/search.naver?where=m_news&query=%ED%86%B5%EC%8B%A03%EC%82%AC+8%EC%9B%94+%EB%A9%A4%EB%B2%84%EC%8B%AD+%ED%98%9C%ED%83%9D+T+day+%EB%B8%8C%EB%9E%9C%EB%93%9C+%EC%9C%84%ED%81%AC,PARTIAL
TEL008,2026-08 마지막주,회기동,telecom,KT,KT 멤버십 K,편의점,GS25,percent,20,%,,매주 수요일,등급별 상이,확인필요,"GS25에서 KT 멤버십 K와 매주 수요일 FF(프레시푸드) 상품 할인 제휴. 할인율 20%는 '1만원짜리 2000원 할인' 보도 표현 기준 추정. 보도 시점 2025-07이므로 2026-08 현재 유효 여부/요일/대상상품 재확인 필요",위키트리·EBN·노컷뉴스,2025-07-01,https://m.search.naver.com/search.naver?where=m_news&query=%ED%86%B5%EC%8B%A0%EC%82%AC+%EB%A9%A4%EB%B2%84%EC%8B%AD+%ED%8E%B8%EC%9D%98%EC%A0%90,N
TEL009,2026-08 마지막주,회기동,telecom,LG U+,U+멤버십,편의점,GS25,percent,,,,매주 목요일,등급별 상이,확인필요,"GS25에서 U+멤버십과 매주 목요일 FF(프레시푸드) 상품 할인 제휴. 보도 시점 2025-07이므로 2026-08 현재 유효 여부/할인율 재확인 필요",위키트리·EBN·노컷뉴스,2025-07-01,https://m.search.naver.com/search.naver?where=m_news&query=%ED%86%B5%EC%8B%A0%EC%82%AC+%EB%A9%A4%EB%B2%84%EC%8B%AD+%ED%8E%B8%EC%9D%98%EC%A0%90,N
TEL010,2026-08 마지막주,회기동,telecom,SKT/KT/LG U+,통신3사 멤버십,편의점,GS25,percent,,,,1일 1회,등급별 상이,상시,"GS25는 통신 3사(SKT/KT/LG U+) 모두와 멤버십 제휴한 업계 유일 편의점(2025-07 제휴 완성). 3사 모두 GS25에서 할인 가능. 사별 할인율/요일 조건은 개별 확인 필요",EBN·노컷뉴스·위키트리,2025-07-01,https://m.search.naver.com/search.naver?where=m_news&query=%ED%86%B5%EC%8B%A0%EC%82%AC+%EB%A9%A4%EB%B2%84%EC%8B%AD+%ED%8E%B8%EC%9D%98%EC%A0%90,PARTIAL
TEL011,2026-08 마지막주,회기동,telecom,KT,KT멤버십,편의점,이마트24,percent,,,,1일 1회,등급별 상이,2026-08,"이마트24에서 KT 멤버십 할인 제공. 1일 1회 한도 내 다른 할인과 중복 적용 가능. 할인율 수치 미확정",한국경제·뉴시스·이투데이,2026-08-17~21,https://m.search.naver.com/search.naver?where=m_news&query=%ED%86%B5%EC%8B%A0%EC%82%AC+%EB%A9%A4%EB%B2%84%EC%8B%AD+%ED%8E%B8%EC%9D%98%EC%A0%90,N
TEL012,2026-08 마지막주,회기동,telecom,LG U+,U+멤버십,편의점,이마트24,percent,,,,1일 1회,등급별 상이,2026-08,"이마트24는 2026-05 LG유플러스 멤버십 제휴 도입. 1일 1회 한도 내 중복 적용 가능. 할인율 수치 미확정",한국경제·더페어·메가경제,2026-08-21 / 2026-05-03,https://m.search.naver.com/search.naver?where=m_news&query=%ED%86%B5%EC%8B%A0%EC%82%AC+%EB%A9%A4%EB%B2%84%EC%8B%AD+%ED%8E%B8%EC%9D%98%EC%A0%90,N
TEL013,2026-08 마지막주,회기동,telecom,KT,KT 멤버십 페스타(케멤페),카페,제휴 카페,percent,,,,,,2026-08-31,"2026-08-03~08-31 케.멤.페 진행. 공항라운지/숙소/주유/카페 등 할인. 8월 마지막주 기간에 포함되나 카페 대상 브랜드/할인율 미공개",테크월드,2026-08,https://m.search.naver.com/search.naver?where=m_news&query=%EB%A9%A4%EB%B2%84%EC%8B%AD+%ED%8E%B8%EC%9D%98%EC%A0%90+%ED%95%A0%EC%9D%B8+%ED%98%9C%ED%83%9D+SKT+KT,N
TEL014,2026-08 마지막주,회기동,telecom,SKT,T멤버십,편의점,CU,percent,10,%,,1일 1회,등급별 상이,확인필요,"1000원당 최대 100원 할인(=최대 10%). 보도 시점 2026-03이므로 2026-08 현재 유효 여부/등급 조건 재확인 필요",인사이트,2026-03-09,https://m.search.naver.com/search.naver?where=m_news&query=%EB%A9%A4%EB%B2%84%EC%8B%AD+%ED%8E%B8%EC%9D%98%EC%A0%90+%ED%95%A0%EC%9D%B8+%ED%98%9C%ED%83%9D+SKT+KT,N
DP001,2026-08 마지막주,회기동,pay,당근페이,당근페이 현장결제,카페,더벤티,percent,10,%,,,,확인필요,"당근페이 결제 시 10% 혜택(즉시 적립 방식). 보도 시점 2026-02이므로 2026-08 현재 유효 여부 확인 필요",더퍼블릭,2026-02-12,https://m.search.naver.com/search.naver?where=m_news&query=%EB%8B%B9%EA%B7%BC%ED%8E%98%EC%9D%B4+%ED%98%9C%ED%83%9D,N
DP002,2026-08 마지막주,회기동,pay,당근페이,당근페이 현장결제,편의점,"CU/GS25/세븐일레븐/이마트24",percent,,,,,,상시,"당근페이 현장결제 가맹점 30만곳 돌파(2026-07). 편의점 4사 제휴 확인. 브랜드별 할인율/적립률 수치는 미확정",PPSS·이코노믹리뷰·서울경제,2026-07-22~23,https://m.search.naver.com/search.naver?where=m_news&query=%EB%8B%B9%EA%B7%BC%ED%8E%98%EC%9D%B4+%ED%98%9C%ED%83%9D,N
DP003,2026-08 마지막주,회기동,pay,당근페이,당근페이 현장결제,카페,"공차/메가MGC커피/컴포즈커피/배스킨라빈스/파리바게뜨",percent,,,,,,상시,"당근페이 제휴 카페·디저트 브랜드군 확인(2026-07). 브랜드별 할인율/적립률 수치는 미확정",PPSS,2026-07-23,https://m.search.naver.com/search.naver?where=m_news&query=%EB%8B%B9%EA%B7%BC%ED%8E%98%EC%9D%B4+%ED%98%9C%ED%83%9D,N
