benefit_id,captured_at,provider_name,payment_method,category,merchant_brand,discount_type,discount_value,unit,badge,stackable,notes,source_name,verified
GD_CVS_001,2026-08-28 21:21,카카오페이,카카오페이 굿딜(바코드),편의점,GS25,percent,3,%,,통신사 할인과 중복가능(통신사 먼저 적용 후 굿딜 결제),굿딜 앱 편의점 카테고리(총 4개 브랜드),카카오페이 앱 굿딜 화면 캡처,Y
GD_CVS_002,2026-08-28 21:21,카카오페이,카카오페이 굿딜(바코드),편의점,CU,percent,3,%,,통신사 할인과 중복가능(통신사 먼저 적용 후 굿딜 결제),굿딜 앱 편의점 카테고리(총 4개 브랜드),카카오페이 앱 굿딜 화면 캡처,Y
GD_CVS_003,2026-08-28 21:21,카카오페이,카카오페이 굿딜(바코드),편의점,세븐일레븐,percent,10,%,+혜택,통신사 할인과 중복가능(L.POINT 및 일부 통신사 할인 가능 안내),입점기념 특별프로모션(2026-10-31까지). 1일 1회 최대 5000원. 담배·복권·특수매장 제외,카카오페이 앱 굿딜 화면 캡처,Y
GD_CVS_004,2026-08-28 21:21,카카오페이,카카오페이 굿딜(바코드),편의점,이마트24,percent,3,%,,통신사 할인과 중복가능(통신사 먼저 적용 후 굿딜 결제),굿딜 앱 편의점 카테고리(총 4개 브랜드),카카오페이 앱 굿딜 화면 캡처,Y
GD_CAFE_001,2026-08-28 21:20,카카오페이,카카오페이 굿딜(바코드),카페,컴포즈커피,percent,5,%,,통신사 할인과 중복가능(통신사 먼저 적용 후 굿딜 결제),,카카오페이 앱 굿딜 화면 캡처,Y
GD_CAFE_002,2026-08-28 21:20,카카오페이,카카오페이 굿딜(바코드),카페,메가MGC커피,percent,5,%,,통신사 할인과 중복가능(통신사 먼저 적용 후 굿딜 결제),,카카오페이 앱 굿딜 화면 캡처,Y
GD_CAFE_003,2026-08-28 21:20,카카오페이,카카오페이 굿딜(바코드),카페,공차,percent,5,%,,통신사 할인과 중복가능(통신사 먼저 적용 후 굿딜 결제),KT 8월 달달혜택 공차 50%와는 별개 혜택,카카오페이 앱 굿딜 화면 캡처,Y
GD_CAFE_004,2026-08-28 21:20,카카오페이,카카오페이 굿딜(바코드),카페,더벤티,percent,10,%,+혜택,통신사 할인과 중복가능(통신사 먼저 적용 후 굿딜 결제),카페 카테고리 내 최고 할인율. +혜택 배지 표시,카카오페이 앱 굿딜 화면 캡처,Y
GD_CAFE_005,2026-08-28 21:20,카카오페이,카카오페이 굿딜(바코드),카페,빽다방,percent,4,%,,통신사 할인과 중복가능(통신사 먼저 적용 후 굿딜 결제),,카카오페이 앱 굿딜 화면 캡처,Y
GD_CAFE_006,2026-08-28 21:20,카카오페이,카카오페이 굿딜(바코드),카페,파리바게뜨,percent,4,%,,통신사 할인과 중복가능(통신사 먼저 적용 후 굿딜 결제),,카카오페이 앱 굿딜 화면 캡처,Y
GD_CAFE_007,2026-08-28 21:20,카카오페이,카카오페이 굿딜(바코드),카페,이디야커피,percent,4,%,,통신사 할인과 중복가능(통신사 먼저 적용 후 굿딜 결제),,카카오페이 앱 굿딜 화면 캡처,Y
GD_CAFE_008,2026-08-28 21:20,카카오페이,카카오페이 굿딜(바코드),카페,투썸플레이스,percent,3,%,,통신사 할인과 중복가능(통신사 먼저 적용 후 굿딜 결제),,카카오페이 앱 굿딜 화면 캡처,Y
GD_CAFE_009,2026-08-28 21:20,카카오페이,카카오페이 굿딜(바코드),카페,매머드커피,percent,5,%,,통신사 할인과 중복가능(통신사 먼저 적용 후 굿딜 결제),,카카오페이 앱 굿딜 화면 캡처,Y
GD_CAFE_010,2026-08-28 21:20,카카오페이,카카오페이 굿딜(바코드),카페,텐퍼센트커피,percent,5,%,,통신사 할인과 중복가능(통신사 먼저 적용 후 굿딜 결제),,카카오페이 앱 굿딜 화면 캡처,Y
GD_CAFE_011,2026-08-28 21:20,카카오페이,카카오페이 굿딜(바코드),카페,배스킨라빈스,percent,4,%,,통신사 할인과 중복가능(통신사 먼저 적용 후 굿딜 결제),SKT 싱글레귤러 50% / LG U+ 패밀리 4000원 할인과는 별개,카카오페이 앱 굿딜 화면 캡처,Y
GD_CAFE_012,2026-08-28 21:20,카카오페이,카카오페이 굿딜(바코드),카페,할리스,percent,5,%,,통신사 할인과 중복가능(통신사 먼저 적용 후 굿딜 결제),,카카오페이 앱 굿딜 화면 캡처,Y
GD_CAFE_013,2026-08-28 21:20,카카오페이,카카오페이 굿딜(바코드),카페,블루샥,percent,7,%,,통신사 할인과 중복가능(통신사 먼저 적용 후 굿딜 결제),8월 초 20% 프로모션 종료 후 상시 7%로 확인됨,카카오페이 앱 굿딜 화면 캡처,Y
GD_CAFE_014,2026-08-28 21:20,카카오페이,카카오페이 굿딜(바코드),카페,뚜레쥬르,percent,4,%,,통신사 할인과 중복가능(통신사 먼저 적용 후 굿딜 결제),5월 25% 프로모션 종료 후 상시 4%로 확인됨,카카오페이 앱 굿딜 화면 캡처,Y
GD_CAFE_015,2026-08-28 21:20,카카오페이,카카오페이 굿딜(바코드),카페,폴바셋,percent,5,%,,통신사 할인과 중복가능(통신사 먼저 적용 후 굿딜 결제),,카카오페이 앱 굿딜 화면 캡처,Y
GD_CAFE_016,2026-08-28 21:20,카카오페이,카카오페이 굿딜(바코드),카페,던킨,percent,4,%,,통신사 할인과 중복가능(통신사 먼저 적용 후 굿딜 결제),,카카오페이 앱 굿딜 화면 캡처,Y
GD_CAFE_017,2026-08-28 21:20,카카오페이,카카오페이 굿딜(바코드),카페,파스쿠찌,percent,4,%,,통신사 할인과 중복가능(통신사 먼저 적용 후 굿딜 결제),,카카오페이 앱 굿딜 화면 캡처,Y
GD_CAFE_018,2026-08-28 21:20,카카오페이,카카오페이 굿딜(바코드),카페,크리스피크림도넛,percent,5,%,,통신사 할인과 중복가능(통신사 먼저 적용 후 굿딜 결제),,카카오페이 앱 굿딜 화면 캡처,Y
GD_CAFE_019,2026-08-28 21:20,카카오페이,카카오페이 굿딜(바코드),카페,설빙,percent,4,%,,통신사 할인과 중복가능(통신사 먼저 적용 후 굿딜 결제),,카카오페이 앱 굿딜 화면 캡처,Y
GD_CAFE_020,2026-08-28 21:20,카카오페이,카카오페이 굿딜(바코드),카페,카페봄봄,percent,4,%,,통신사 할인과 중복가능(통신사 먼저 적용 후 굿딜 결제),,카카오페이 앱 굿딜 화면 캡처,Y
GD_CAFE_021,2026-08-28 21:20,카카오페이,카카오페이 굿딜(바코드),카페,디저트39,percent,3,%,,통신사 할인과 중복가능(통신사 먼저 적용 후 굿딜 결제),,카카오페이 앱 굿딜 화면 캡처,Y
GD_CAFE_022,2026-08-28 21:20,카카오페이,카카오페이 굿딜(바코드),카페,엔제리너스,percent,5,%,,통신사 할인과 중복가능(통신사 먼저 적용 후 굿딜 결제),,카카오페이 앱 굿딜 화면 캡처,Y
GD_CAFE_023,2026-08-28 21:20,카카오페이,카카오페이 굿딜(바코드),카페,펠트커피,percent,7,%,,통신사 할인과 중복가능(통신사 먼저 적용 후 굿딜 결제),,카카오페이 앱 굿딜 화면 캡처,Y
GD_CAFE_024,2026-08-28 21:20,카카오페이,카카오페이 굿딜(바코드),카페,아임일리터,percent,4,%,,통신사 할인과 중복가능(통신사 먼저 적용 후 굿딜 결제),,카카오페이 앱 굿딜 화면 캡처,Y
GD_CAFE_025,2026-08-28 21:20,카카오페이,카카오페이 굿딜(바코드),카페,아티제,percent,4,%,,통신사 할인과 중복가능(통신사 먼저 적용 후 굿딜 결제),,카카오페이 앱 굿딜 화면 캡처,Y
GD_CAFE_026,2026-08-28 21:20,카카오페이,카카오페이 굿딜(바코드),카페,노티드,percent,4,%,,통신사 할인과 중복가능(통신사 먼저 적용 후 굿딜 결제),,카카오페이 앱 굿딜 화면 캡처,Y
GD_CAFE_027,2026-08-28 21:20,카카오페이,카카오페이 굿딜(바코드),카페,플링크,percent,7,%,,통신사 할인과 중복가능(통신사 먼저 적용 후 굿딜 결제),,카카오페이 앱 굿딜 화면 캡처,Y
GD_CAFE_028,2026-08-28 21:20,카카오페이,카카오페이 굿딜(바코드),카페,셀렉토커피,percent,8,%,,통신사 할인과 중복가능(통신사 먼저 적용 후 굿딜 결제),카페 카테고리 내 두번째 높은 할인율,카카오페이 앱 굿딜 화면 캡처,Y
GD_CAFE_029,2026-08-28 21:20,카카오페이,카카오페이 굿딜(바코드),카페,파리크라상,percent,4,%,,통신사 할인과 중복가능(통신사 먼저 적용 후 굿딜 결제),,카카오페이 앱 굿딜 화면 캡처,Y
GD_CAFE_030,2026-08-28 21:20,카카오페이,카카오페이 굿딜(바코드),카페,커스텀커피,percent,5,%,N(신규),통신사 할인과 중복가능(통신사 먼저 적용 후 굿딜 결제),신규 입점 브랜드(N 배지),카카오페이 앱 굿딜 화면 캡처,Y
GD_CAFE_031,2026-08-28 21:21,카카오페이,카카오페이 굿딜(바코드),카페,커맨드커피,percent,7,%,,통신사 할인과 중복가능(통신사 먼저 적용 후 굿딜 결제),,카카오페이 앱 굿딜 화면 캡처,Y
GD_CAFE_032,2026-08-28 21:21,카카오페이,카카오페이 굿딜(바코드),카페,드롭탑,percent,7,%,,통신사 할인과 중복가능(통신사 먼저 적용 후 굿딜 결제),,카카오페이 앱 굿딜 화면 캡처,Y
GD_CAFE_033,2026-08-28 21:21,카카오페이,카카오페이 굿딜(바코드),카페,카페인중독,percent,5,%,,통신사 할인과 중복가능(통신사 먼저 적용 후 굿딜 결제),,카카오페이 앱 굿딜 화면 캡처,Y
GD_CAFE_034,2026-08-28 21:21,카카오페이,카카오페이 굿딜(바코드),카페,잠바주스,percent,4,%,,통신사 할인과 중복가능(통신사 먼저 적용 후 굿딜 결제),,카카오페이 앱 굿딜 화면 캡처,Y
GD_CAFE_035,2026-08-28 21:21,카카오페이,카카오페이 굿딜(바코드),카페,한스케익,percent,3,%,,통신사 할인과 중복가능(통신사 먼저 적용 후 굿딜 결제),,카카오페이 앱 굿딜 화면 캡처,Y
GD_CAFE_036,2026-08-28 21:21,카카오페이,카카오페이 굿딜(바코드),카페,도레도레,percent,5,%,,통신사 할인과 중복가능(통신사 먼저 적용 후 굿딜 결제),,카카오페이 앱 굿딜 화면 캡처,Y
GD_CAFE_037,2026-08-28 21:21,카카오페이,카카오페이 굿딜(바코드),카페,커피베이,percent,4,%,,통신사 할인과 중복가능(통신사 먼저 적용 후 굿딜 결제),,카카오페이 앱 굿딜 화면 캡처,Y
GD_CAFE_038,2026-08-28 21:21,카카오페이,카카오페이 굿딜(바코드),카페,리나스,percent,4,%,,통신사 할인과 중복가능(통신사 먼저 적용 후 굿딜 결제),,카카오페이 앱 굿딜 화면 캡처,Y
GD_CAFE_039,2026-08-28 21:21,카카오페이,카카오페이 굿딜(바코드),카페,디그리,percent,7,%,,통신사 할인과 중복가능(통신사 먼저 적용 후 굿딜 결제),,카카오페이 앱 굿딜 화면 캡처,Y
GD_CAFE_040,2026-08-28 21:21,카카오페이,카카오페이 굿딜(바코드),카페,수수커피,percent,7,%,,통신사 할인과 중복가능(통신사 먼저 적용 후 굿딜 결제),,카카오페이 앱 굿딜 화면 캡처,Y
GD_CAFE_041,2026-08-28 21:21,카카오페이,카카오페이 굿딜(바코드),카페,로우커피스탠드,percent,7,%,,통신사 할인과 중복가능(통신사 먼저 적용 후 굿딜 결제),,카카오페이 앱 굿딜 화면 캡처,Y
GD_CAFE_042,2026-08-28 21:21,카카오페이,카카오페이 굿딜(바코드),카페,컨플릭트 스토어,percent,7,%,,통신사 할인과 중복가능(통신사 먼저 적용 후 굿딜 결제),,카카오페이 앱 굿딜 화면 캡처,Y
GD_FOOD_001,2026-08-28 21:21,카카오페이,카카오페이 굿딜(바코드),음식점,롯데리아,percent,5,%,,통신사 할인과 중복가능(통신사 먼저 적용 후 굿딜 결제),,카카오페이 앱 굿딜 화면 캡처,Y
GD_FOOD_002,2026-08-28 21:21,카카오페이,카카오페이 굿딜(바코드),음식점,맘스터치,percent,4,%,,통신사 할인과 중복가능(통신사 먼저 적용 후 굿딜 결제),,카카오페이 앱 굿딜 화면 캡처,Y
GD_FOOD_003,2026-08-28 21:21,카카오페이,카카오페이 굿딜(바코드),음식점,이삭토스트,percent,4,%,,통신사 할인과 중복가능(통신사 먼저 적용 후 굿딜 결제),,카카오페이 앱 굿딜 화면 캡처,Y
GD_FOOD_004,2026-08-28 21:21,카카오페이,카카오페이 굿딜(바코드),음식점,쉐이크쉑,percent,4,%,,통신사 할인과 중복가능(통신사 먼저 적용 후 굿딜 결제),SKT VIP 해피아워 대상 브랜드와 동일,카카오페이 앱 굿딜 화면 캡처,Y
GD_FOOD_005,2026-08-28 21:21,카카오페이,카카오페이 굿딜(바코드),음식점,샐러디,percent,4,%,,통신사 할인과 중복가능(통신사 먼저 적용 후 굿딜 결제),,카카오페이 앱 굿딜 화면 캡처,Y
GD_FOOD_006,2026-08-28 21:21,카카오페이,카카오페이 굿딜(바코드),음식점,역전우동,percent,3,%,,통신사 할인과 중복가능(통신사 먼저 적용 후 굿딜 결제),,카카오페이 앱 굿딜 화면 캡처,Y
GD_FOOD_007,2026-08-28 21:21,카카오페이,카카오페이 굿딜(바코드),음식점,쿠차라,percent,6,%,,통신사 할인과 중복가능(통신사 먼저 적용 후 굿딜 결제),,카카오페이 앱 굿딜 화면 캡처,Y
GD_FOOD_008,2026-08-28 21:21,카카오페이,카카오페이 굿딜(바코드),음식점,BHC,percent,3,%,,통신사 할인과 중복가능(통신사 먼저 적용 후 굿딜 결제),,카카오페이 앱 굿딜 화면 캡처,Y
GD_FOOD_009,2026-08-28 21:21,카카오페이,카카오페이 굿딜(바코드),음식점,홍콩반점,percent,4,%,,통신사 할인과 중복가능(통신사 먼저 적용 후 굿딜 결제),,카카오페이 앱 굿딜 화면 캡처,Y
GD_FOOD_010,2026-08-28 21:21,카카오페이,카카오페이 굿딜(바코드),음식점,포케올데이,percent,5,%,,통신사 할인과 중복가능(통신사 먼저 적용 후 굿딜 결제),,카카오페이 앱 굿딜 화면 캡처,Y
GD_FOOD_011,2026-08-28 21:21,카카오페이,카카오페이 굿딜(바코드),음식점,바르다김선생,percent,3,%,,통신사 할인과 중복가능(통신사 먼저 적용 후 굿딜 결제),,카카오페이 앱 굿딜 화면 캡처,Y
GD_FOOD_012,2026-08-28 21:21,카카오페이,카카오페이 굿딜(바코드),음식점,청년다방,percent,4,%,,통신사 할인과 중복가능(통신사 먼저 적용 후 굿딜 결제),,카카오페이 앱 굿딜 화면 캡처,Y
GD_FOOD_013,2026-08-28 21:21,카카오페이,카카오페이 굿딜(바코드),음식점,VIPS,percent,3,%,,통신사 할인과 중복가능(통신사 먼저 적용 후 굿딜 결제),LG U+ VIPS 제휴와는 별개,카카오페이 앱 굿딜 화면 캡처,Y
GD_FOOD_014,2026-08-28 21:21,카카오페이,카카오페이 굿딜(바코드),음식점,국수나무,percent,4,%,,통신사 할인과 중복가능(통신사 먼저 적용 후 굿딜 결제),,카카오페이 앱 굿딜 화면 캡처,Y
GD_FOOD_015,2026-08-28 21:21,카카오페이,카카오페이 굿딜(바코드),음식점,노모어피자,percent,5,%,,통신사 할인과 중복가능(통신사 먼저 적용 후 굿딜 결제),,카카오페이 앱 굿딜 화면 캡처,Y
GD_FOOD_016,2026-08-28 21:21,카카오페이,카카오페이 굿딜(바코드),음식점,경복궁,percent,5,%,,통신사 할인과 중복가능(통신사 먼저 적용 후 굿딜 결제),,카카오페이 앱 굿딜 화면 캡처,Y
GD_FOOD_017,2026-08-28 21:21,카카오페이,카카오페이 굿딜(바코드),음식점,아비꼬,percent,6,%,,통신사 할인과 중복가능(통신사 먼저 적용 후 굿딜 결제),,카카오페이 앱 굿딜 화면 캡처,Y
GD_FOOD_018,2026-08-28 21:21,카카오페이,카카오페이 굿딜(바코드),음식점,롤링파스타,percent,4,%,,통신사 할인과 중복가능(통신사 먼저 적용 후 굿딜 결제),,카카오페이 앱 굿딜 화면 캡처,Y
GD_FOOD_019,2026-08-28 21:21,카카오페이,카카오페이 굿딜(바코드),음식점,삿뽀로,percent,5,%,,통신사 할인과 중복가능(통신사 먼저 적용 후 굿딜 결제),,카카오페이 앱 굿딜 화면 캡처,Y
GD_FOOD_020,2026-08-28 21:21,카카오페이,카카오페이 굿딜(바코드),음식점,아그라,percent,3,%,,통신사 할인과 중복가능(통신사 먼저 적용 후 굿딜 결제),,카카오페이 앱 굿딜 화면 캡처,Y
GD_FOOD_021,2026-08-28 21:21,카카오페이,카카오페이 굿딜(바코드),음식점,깐부치킨,percent,4,%,,통신사 할인과 중복가능(통신사 먼저 적용 후 굿딜 결제),,카카오페이 앱 굿딜 화면 캡처,Y
GD_FOOD_022,2026-08-28 21:21,카카오페이,카카오페이 굿딜(바코드),음식점,죠스떡볶이,percent,3,%,,통신사 할인과 중복가능(통신사 먼저 적용 후 굿딜 결제),,카카오페이 앱 굿딜 화면 캡처,Y
GD_FOOD_023,2026-08-28 21:21,카카오페이,카카오페이 굿딜(바코드),음식점,생활맥주,percent,4,%,,통신사 할인과 중복가능(통신사 먼저 적용 후 굿딜 결제),,카카오페이 앱 굿딜 화면 캡처,Y
GD_FOOD_024,2026-08-28 21:21,카카오페이,카카오페이 굿딜(바코드),음식점,또래오래,percent,3,%,,통신사 할인과 중복가능(통신사 먼저 적용 후 굿딜 결제),,카카오페이 앱 굿딜 화면 캡처,Y
GD_FOOD_025,2026-08-28 21:21,카카오페이,카카오페이 굿딜(바코드),음식점,또봉이통닭,percent,4,%,,통신사 할인과 중복가능(통신사 먼저 적용 후 굿딜 결제),,카카오페이 앱 굿딜 화면 캡처,Y
GD_FOOD_026,2026-08-28 21:21,카카오페이,카카오페이 굿딜(바코드),음식점,리춘시장,percent,4,%,,통신사 할인과 중복가능(통신사 먼저 적용 후 굿딜 결제),,카카오페이 앱 굿딜 화면 캡처,Y
GD_FOOD_027,2026-08-28 21:21,카카오페이,카카오페이 굿딜(바코드),음식점,새마을식당,percent,4,%,,통신사 할인과 중복가능(통신사 먼저 적용 후 굿딜 결제),,카카오페이 앱 굿딜 화면 캡처,Y
GD_FOOD_028,2026-08-28 21:21,카카오페이,카카오페이 굿딜(바코드),음식점,원조쌈밥집,percent,4,%,,통신사 할인과 중복가능(통신사 먼저 적용 후 굿딜 결제),,카카오페이 앱 굿딜 화면 캡처,Y
GD_FOOD_029,2026-08-28 21:21,카카오페이,카카오페이 굿딜(바코드),음식점,인생설렁탕,percent,4,%,,통신사 할인과 중복가능(통신사 먼저 적용 후 굿딜 결제),,카카오페이 앱 굿딜 화면 캡처,Y
GD_FOOD_030,2026-08-28 21:21,카카오페이,카카오페이 굿딜(바코드),음식점,제일제면소,percent,4,%,,통신사 할인과 중복가능(통신사 먼저 적용 후 굿딜 결제),,카카오페이 앱 굿딜 화면 캡처,Y
GD_FOOD_031,2026-08-28 21:21,카카오페이,카카오페이 굿딜(바코드),음식점,서가앤쿡,percent,2,%,,통신사 할인과 중복가능(통신사 먼저 적용 후 굿딜 결제),굿딜 최저 할인율 구간,카카오페이 앱 굿딜 화면 캡처,Y
GD_FOOD_032,2026-08-28 21:21,카카오페이,카카오페이 굿딜(바코드),음식점,고구려,percent,4,%,,통신사 할인과 중복가능(통신사 먼저 적용 후 굿딜 결제),,카카오페이 앱 굿딜 화면 캡처,Y
GD_FOOD_033,2026-08-28 21:21,카카오페이,카카오페이 굿딜(바코드),음식점,치킨플러스,percent,3,%,,통신사 할인과 중복가능(통신사 먼저 적용 후 굿딜 결제),,카카오페이 앱 굿딜 화면 캡처,Y
GD_FOOD_034,2026-08-28 21:21,카카오페이,카카오페이 굿딜(바코드),음식점,토끼정,percent,2,%,,통신사 할인과 중복가능(통신사 먼저 적용 후 굿딜 결제),굿딜 최저 할인율 구간,카카오페이 앱 굿딜 화면 캡처,Y
GD_FOOD_035,2026-08-28 21:21,카카오페이,카카오페이 굿딜(바코드),음식점,라그릴리아,percent,4,%,,통신사 할인과 중복가능(통신사 먼저 적용 후 굿딜 결제),,카카오페이 앱 굿딜 화면 캡처,Y
GD_FOOD_036,2026-08-28 21:21,카카오페이,카카오페이 굿딜(바코드),음식점,멕시카나치킨,percent,3,%,,통신사 할인과 중복가능(통신사 먼저 적용 후 굿딜 결제),뉴스 보도(2026-08-28)의 3% 즉시할인과 일치 확인,카카오페이 앱 굿딜 화면 캡처,Y
