benefit_id,collected_at,region,provider_type,provider_name,payment_method,category,merchant_brand,discount_type,discount_value,unit,rate_detail,cap_krw,daily_limit_krw,usage_limit,membership_grade,stackable,exclusions,valid_until,notes,source_type,source_name,source_date,verified
GD_CVS_001,2026-08-28,전국공통,pay,카카오페이,카카오페이 굿딜(바코드),편의점,GS25,percent,3,%,굿딜 상시 3% 할인,,,조건 없음,,통신사 할인과 중복가능(통신사 먼저 적용 후 굿딜 결제),,상시,굿딜 편의점 카테고리 4개 브랜드 중 하나,앱캡처,카카오페이 앱 굿딜 화면,2026-08-28 21:21,Y
GD_CVS_002,2026-08-28,전국공통,pay,카카오페이,카카오페이 굿딜(바코드),편의점,CU,percent,3,%,굿딜 상시 3% 할인,,,조건 없음,,통신사 할인과 중복가능(통신사 먼저 적용 후 굿딜 결제),,상시,20대 대상 매주 월요일 CU 1000원 쿠폰 별도 지급 사례 있음,앱캡처,카카오페이 앱 굿딜 화면,2026-08-28 21:21,Y
GD_CVS_003,2026-08-28,전국공통,pay,카카오페이,카카오페이 굿딜(바코드),편의점,세븐일레븐,percent,10,%,기본 3% + 입점기념 한시혜택 = 10%,5000,,1일 1회,,통신사 할인 및 L.POINT와 중복가능(결제 전 확인 권장),휴게소·리조트 등 특수매장 / 담배 / 복권,2026-10-31,앱에 +혜택 배지 표시. 편의점 카테고리 최고 할인율,앱캡처,카카오페이 앱 굿딜 화면,2026-08-28 21:21,Y
GD_CVS_004,2026-08-28,전국공통,pay,카카오페이,카카오페이 굿딜(바코드),편의점,이마트24,percent,3,%,굿딜 상시 3% 할인,,,조건 없음,,통신사 할인과 중복가능(통신사 먼저 적용 후 굿딜 결제),,상시,굿딜 편의점 카테고리 4개 브랜드 중 하나,앱캡처,카카오페이 앱 굿딜 화면,2026-08-28 21:21,Y
GD_CAFE_001,2026-08-28,전국공통,pay,카카오페이,카카오페이 굿딜(바코드),카페,더벤티,percent,10,%,굿딜 상시 10% 할인,,,조건 없음,,통신사 할인과 중복가능(통신사 먼저 적용 후 굿딜 결제),,상시,앱에 +혜택 배지 표시. 카페 카테고리 최고 할인율,앱캡처,카카오페이 앱 굿딜 화면,2026-08-28 21:20,Y
GD_CAFE_002,2026-08-28,전국공통,pay,카카오페이,카카오페이 굿딜(바코드),카페,셀렉토커피,percent,8,%,굿딜 상시 8% 할인,,,조건 없음,,통신사 할인과 중복가능(통신사 먼저 적용 후 굿딜 결제),,상시,카페 카테고리 2위 할인율,앱캡처,카카오페이 앱 굿딜 화면,2026-08-28 21:20,Y
GD_CAFE_003,2026-08-28,전국공통,pay,카카오페이,카카오페이 굿딜(바코드),카페,블루샥,percent,7,%,굿딜 상시 7% 할인,,,조건 없음,,통신사 할인과 중복가능(통신사 먼저 적용 후 굿딜 결제),,상시,8월 초 20% 한시 프로모션 종료 후 상시 7%,앱캡처,카카오페이 앱 굿딜 화면,2026-08-28 21:20,Y
GD_CAFE_004,2026-08-28,전국공통,pay,카카오페이,카카오페이 굿딜(바코드),카페,펠트커피,percent,7,%,굿딜 상시 7% 할인,,,조건 없음,,통신사 할인과 중복가능(통신사 먼저 적용 후 굿딜 결제),,상시,,앱캡처,카카오페이 앱 굿딜 화면,2026-08-28 21:20,Y
GD_CAFE_005,2026-08-28,전국공통,pay,카카오페이,카카오페이 굿딜(바코드),카페,플링크,percent,7,%,굿딜 상시 7% 할인,,,조건 없음,,통신사 할인과 중복가능(통신사 먼저 적용 후 굿딜 결제),,상시,,앱캡처,카카오페이 앱 굿딜 화면,2026-08-28 21:20,Y
GD_CAFE_006,2026-08-28,전국공통,pay,카카오페이,카카오페이 굿딜(바코드),카페,커맨드커피,percent,7,%,굿딜 상시 7% 할인,,,조건 없음,,통신사 할인과 중복가능(통신사 먼저 적용 후 굿딜 결제),,상시,,앱캡처,카카오페이 앱 굿딜 화면,2026-08-28 21:21,Y
GD_CAFE_007,2026-08-28,전국공통,pay,카카오페이,카카오페이 굿딜(바코드),카페,드롭탑,percent,7,%,굿딜 상시 7% 할인,,,조건 없음,,통신사 할인과 중복가능(통신사 먼저 적용 후 굿딜 결제),,상시,,앱캡처,카카오페이 앱 굿딜 화면,2026-08-28 21:21,Y
GD_CAFE_008,2026-08-28,전국공통,pay,카카오페이,카카오페이 굿딜(바코드),카페,디그리,percent,7,%,굿딜 상시 7% 할인,,,조건 없음,,통신사 할인과 중복가능(통신사 먼저 적용 후 굿딜 결제),,상시,,앱캡처,카카오페이 앱 굿딜 화면,2026-08-28 21:21,Y
GD_CAFE_009,2026-08-28,전국공통,pay,카카오페이,카카오페이 굿딜(바코드),카페,수수커피,percent,7,%,굿딜 상시 7% 할인,,,조건 없음,,통신사 할인과 중복가능(통신사 먼저 적용 후 굿딜 결제),,상시,,앱캡처,카카오페이 앱 굿딜 화면,2026-08-28 21:21,Y
GD_CAFE_010,2026-08-28,전국공통,pay,카카오페이,카카오페이 굿딜(바코드),카페,로우커피스탠드,percent,7,%,굿딜 상시 7% 할인,,,조건 없음,,통신사 할인과 중복가능(통신사 먼저 적용 후 굿딜 결제),,상시,,앱캡처,카카오페이 앱 굿딜 화면,2026-08-28 21:21,Y
GD_CAFE_011,2026-08-28,전국공통,pay,카카오페이,카카오페이 굿딜(바코드),카페,컨플릭트스토어,percent,7,%,굿딜 상시 7% 할인,,,조건 없음,,통신사 할인과 중복가능(통신사 먼저 적용 후 굿딜 결제),,상시,,앱캡처,카카오페이 앱 굿딜 화면,2026-08-28 21:21,Y
GD_CAFE_012,2026-08-28,전국공통,pay,카카오페이,카카오페이 굿딜(바코드),카페,컴포즈커피,percent,5,%,굿딜 상시 5% 할인,,,조건 없음,,통신사 할인과 중복가능(통신사 먼저 적용 후 굿딜 결제),,상시,대학가 다수 입점 브랜드,앱캡처,카카오페이 앱 굿딜 화면,2026-08-28 21:20,Y
GD_CAFE_013,2026-08-28,전국공통,pay,카카오페이,카카오페이 굿딜(바코드),카페,메가MGC커피,percent,5,%,굿딜 상시 5% 할인,,,조건 없음,,통신사 할인과 중복가능(통신사 먼저 적용 후 굿딜 결제),,상시,대학가 다수 입점 브랜드,앱캡처,카카오페이 앱 굿딜 화면,2026-08-28 21:20,Y
GD_CAFE_014,2026-08-28,전국공통,pay,카카오페이,카카오페이 굿딜(바코드),카페,공차,percent,5,%,굿딜 상시 5% 할인,,,조건 없음,,통신사 할인과 중복가능(통신사 먼저 적용 후 굿딜 결제),,상시,KT 8월 달달혜택 공차 50%와는 별개 혜택,앱캡처,카카오페이 앱 굿딜 화면,2026-08-28 21:20,Y
GD_CAFE_015,2026-08-28,전국공통,pay,카카오페이,카카오페이 굿딜(바코드),카페,매머드커피,percent,5,%,굿딜 상시 5% 할인,,,조건 없음,,통신사 할인과 중복가능(통신사 먼저 적용 후 굿딜 결제),,상시,,앱캡처,카카오페이 앱 굿딜 화면,2026-08-28 21:20,Y
GD_CAFE_016,2026-08-28,전국공통,pay,카카오페이,카카오페이 굿딜(바코드),카페,텐퍼센트커피,percent,5,%,굿딜 상시 5% 할인,,,조건 없음,,통신사 할인과 중복가능(통신사 먼저 적용 후 굿딜 결제),,상시,,앱캡처,카카오페이 앱 굿딜 화면,2026-08-28 21:20,Y
GD_CAFE_017,2026-08-28,전국공통,pay,카카오페이,카카오페이 굿딜(바코드),카페,할리스,percent,5,%,굿딜 상시 5% 할인,,,조건 없음,,통신사 할인과 중복가능(통신사 먼저 적용 후 굿딜 결제),,상시,,앱캡처,카카오페이 앱 굿딜 화면,2026-08-28 21:20,Y
GD_CAFE_018,2026-08-28,전국공통,pay,카카오페이,카카오페이 굿딜(바코드),카페,폴바셋,percent,5,%,굿딜 상시 5% 할인,,,조건 없음,,통신사 할인과 중복가능(통신사 먼저 적용 후 굿딜 결제),,상시,,앱캡처,카카오페이 앱 굿딜 화면,2026-08-28 21:20,Y
GD_CAFE_019,2026-08-28,전국공통,pay,카카오페이,카카오페이 굿딜(바코드),카페,크리스피크림도넛,percent,5,%,굿딜 상시 5% 할인,,,조건 없음,,통신사 할인과 중복가능(통신사 먼저 적용 후 굿딜 결제),,상시,,앱캡처,카카오페이 앱 굿딜 화면,2026-08-28 21:20,Y
GD_CAFE_020,2026-08-28,전국공통,pay,카카오페이,카카오페이 굿딜(바코드),카페,엔제리너스,percent,5,%,굿딜 상시 5% 할인,,,조건 없음,,통신사 할인과 중복가능(통신사 먼저 적용 후 굿딜 결제),,상시,,앱캡처,카카오페이 앱 굿딜 화면,2026-08-28 21:20,Y
GD_CAFE_021,2026-08-28,전국공통,pay,카카오페이,카카오페이 굿딜(바코드),카페,커스텀커피,percent,5,%,굿딜 상시 5% 할인,,,조건 없음,,통신사 할인과 중복가능(통신사 먼저 적용 후 굿딜 결제),,상시,앱에 N(신규) 배지 표시,앱캡처,카카오페이 앱 굿딜 화면,2026-08-28 21:20,Y
GD_CAFE_022,2026-08-28,전국공통,pay,카카오페이,카카오페이 굿딜(바코드),카페,카페인중독,percent,5,%,굿딜 상시 5% 할인,,,조건 없음,,통신사 할인과 중복가능(통신사 먼저 적용 후 굿딜 결제),,상시,뉴스 보도(2026-07-29)의 상시 5% 할인과 일치,앱캡처,카카오페이 앱 굿딜 화면,2026-08-28 21:21,Y
GD_CAFE_023,2026-08-28,전국공통,pay,카카오페이,카카오페이 굿딜(바코드),카페,도레도레,percent,5,%,굿딜 상시 5% 할인,,,조건 없음,,통신사 할인과 중복가능(통신사 먼저 적용 후 굿딜 결제),,상시,,앱캡처,카카오페이 앱 굿딜 화면,2026-08-28 21:21,Y
GD_CAFE_024,2026-08-28,전국공통,pay,카카오페이,카카오페이 굿딜(바코드),카페,빽다방,percent,4,%,굿딜 상시 4% 할인,,,조건 없음,,통신사 할인과 중복가능(통신사 먼저 적용 후 굿딜 결제),,상시,대학가 다수 입점 브랜드,앱캡처,카카오페이 앱 굿딜 화면,2026-08-28 21:20,Y
GD_CAFE_025,2026-08-28,전국공통,pay,카카오페이,카카오페이 굿딜(바코드),카페,파리바게뜨,percent,4,%,굿딜 상시 4% 할인,,,조건 없음,,통신사 할인과 중복가능(통신사 먼저 적용 후 굿딜 결제),,상시,SKT 10% / LG U+ 10% 제휴와 중복 시 합산 유리,앱캡처,카카오페이 앱 굿딜 화면,2026-08-28 21:20,Y
GD_CAFE_026,2026-08-28,전국공통,pay,카카오페이,카카오페이 굿딜(바코드),카페,이디야커피,percent,4,%,굿딜 상시 4% 할인,,,조건 없음,,통신사 할인과 중복가능(통신사 먼저 적용 후 굿딜 결제),,상시,,앱캡처,카카오페이 앱 굿딜 화면,2026-08-28 21:20,Y
GD_CAFE_027,2026-08-28,전국공통,pay,카카오페이,카카오페이 굿딜(바코드),카페,배스킨라빈스,percent,4,%,굿딜 상시 4% 할인,,,조건 없음,,통신사 할인과 중복가능(통신사 먼저 적용 후 굿딜 결제),,상시,SKT 싱글레귤러 50% / LG U+ 패밀리 4000원 할인과는 별개,앱캡처,카카오페이 앱 굿딜 화면,2026-08-28 21:20,Y
GD_CAFE_028,2026-08-28,전국공통,pay,카카오페이,카카오페이 굿딜(바코드),카페,뚜레쥬르,percent,4,%,굿딜 상시 4% 할인,,,조건 없음,,통신사 할인과 중복가능(통신사 먼저 적용 후 굿딜 결제),,상시,5월 25% 한시 프로모션 종료 후 상시 4%,앱캡처,카카오페이 앱 굿딜 화면,2026-08-28 21:20,Y
GD_CAFE_029,2026-08-28,전국공통,pay,카카오페이,카카오페이 굿딜(바코드),카페,던킨,percent,4,%,굿딜 상시 4% 할인,,,조건 없음,,통신사 할인과 중복가능(통신사 먼저 적용 후 굿딜 결제),,상시,,앱캡처,카카오페이 앱 굿딜 화면,2026-08-28 21:20,Y
GD_CAFE_030,2026-08-28,전국공통,pay,카카오페이,카카오페이 굿딜(바코드),카페,파스쿠찌,percent,4,%,굿딜 상시 4% 할인,,,조건 없음,,통신사 할인과 중복가능(통신사 먼저 적용 후 굿딜 결제),,상시,,앱캡처,카카오페이 앱 굿딜 화면,2026-08-28 21:20,Y
GD_CAFE_031,2026-08-28,전국공통,pay,카카오페이,카카오페이 굿딜(바코드),카페,설빙,percent,4,%,굿딜 상시 4% 할인,,,조건 없음,,통신사 할인과 중복가능(통신사 먼저 적용 후 굿딜 결제),,상시,,앱캡처,카카오페이 앱 굿딜 화면,2026-08-28 21:20,Y
GD_CAFE_032,2026-08-28,전국공통,pay,카카오페이,카카오페이 굿딜(바코드),카페,카페봄봄,percent,4,%,굿딜 상시 4% 할인,,,조건 없음,,통신사 할인과 중복가능(통신사 먼저 적용 후 굿딜 결제),,상시,,앱캡처,카카오페이 앱 굿딜 화면,2026-08-28 21:20,Y
GD_CAFE_033,2026-08-28,전국공통,pay,카카오페이,카카오페이 굿딜(바코드),카페,아임일리터,percent,4,%,굿딜 상시 4% 할인,,,조건 없음,,통신사 할인과 중복가능(통신사 먼저 적용 후 굿딜 결제),,상시,,앱캡처,카카오페이 앱 굿딜 화면,2026-08-28 21:20,Y
GD_CAFE_034,2026-08-28,전국공통,pay,카카오페이,카카오페이 굿딜(바코드),카페,아티제,percent,4,%,굿딜 상시 4% 할인,,,조건 없음,,통신사 할인과 중복가능(통신사 먼저 적용 후 굿딜 결제),,상시,,앱캡처,카카오페이 앱 굿딜 화면,2026-08-28 21:20,Y
GD_CAFE_035,2026-08-28,전국공통,pay,카카오페이,카카오페이 굿딜(바코드),카페,노티드,percent,4,%,굿딜 상시 4% 할인,,,조건 없음,,통신사 할인과 중복가능(통신사 먼저 적용 후 굿딜 결제),,상시,,앱캡처,카카오페이 앱 굿딜 화면,2026-08-28 21:20,Y
GD_CAFE_036,2026-08-28,전국공통,pay,카카오페이,카카오페이 굿딜(바코드),카페,파리크라상,percent,4,%,굿딜 상시 4% 할인,,,조건 없음,,통신사 할인과 중복가능(통신사 먼저 적용 후 굿딜 결제),,상시,,앱캡처,카카오페이 앱 굿딜 화면,2026-08-28 21:20,Y
GD_CAFE_037,2026-08-28,전국공통,pay,카카오페이,카카오페이 굿딜(바코드),카페,잠바주스,percent,4,%,굿딜 상시 4% 할인,,,조건 없음,,통신사 할인과 중복가능(통신사 먼저 적용 후 굿딜 결제),,상시,,앱캡처,카카오페이 앱 굿딜 화면,2026-08-28 21:21,Y
GD_CAFE_038,2026-08-28,전국공통,pay,카카오페이,카카오페이 굿딜(바코드),카페,커피베이,percent,4,%,굿딜 상시 4% 할인,,,조건 없음,,통신사 할인과 중복가능(통신사 먼저 적용 후 굿딜 결제),,상시,,앱캡처,카카오페이 앱 굿딜 화면,2026-08-28 21:21,Y
GD_CAFE_039,2026-08-28,전국공통,pay,카카오페이,카카오페이 굿딜(바코드),카페,리나스,percent,4,%,굿딜 상시 4% 할인,,,조건 없음,,통신사 할인과 중복가능(통신사 먼저 적용 후 굿딜 결제),,상시,,앱캡처,카카오페이 앱 굿딜 화면,2026-08-28 21:21,Y
GD_CAFE_040,2026-08-28,전국공통,pay,카카오페이,카카오페이 굿딜(바코드),카페,투썸플레이스,percent,3,%,굿딜 상시 3% 할인,,,조건 없음,,통신사 할인과 중복가능(통신사 먼저 적용 후 굿딜 결제),,상시,6월 특정시간대 50% 한시 프로모션 종료 후 상시 3%,앱캡처,카카오페이 앱 굿딜 화면,2026-08-28 21:20,Y
GD_CAFE_041,2026-08-28,전국공통,pay,카카오페이,카카오페이 굿딜(바코드),카페,디저트39,percent,3,%,굿딜 상시 3% 할인,,,조건 없음,,통신사 할인과 중복가능(통신사 먼저 적용 후 굿딜 결제),,상시,,앱캡처,카카오페이 앱 굿딜 화면,2026-08-28 21:20,Y
GD_CAFE_042,2026-08-28,전국공통,pay,카카오페이,카카오페이 굿딜(바코드),카페,한스케익,percent,3,%,굿딜 상시 3% 할인,,,조건 없음,,통신사 할인과 중복가능(통신사 먼저 적용 후 굿딜 결제),,상시,,앱캡처,카카오페이 앱 굿딜 화면,2026-08-28 21:21,Y
GD_FOOD_001,2026-08-28,전국공통,pay,카카오페이,카카오페이 굿딜(바코드),음식점,쿠차라,percent,6,%,굿딜 상시 6% 할인,,,조건 없음,,통신사 할인과 중복가능(통신사 먼저 적용 후 굿딜 결제),,상시,음식점 카테고리 최고 할인율,앱캡처,카카오페이 앱 굿딜 화면,2026-08-28 21:21,Y
GD_FOOD_002,2026-08-28,전국공통,pay,카카오페이,카카오페이 굿딜(바코드),음식점,아비꼬,percent,6,%,굿딜 상시 6% 할인,,,조건 없음,,통신사 할인과 중복가능(통신사 먼저 적용 후 굿딜 결제),,상시,음식점 카테고리 최고 할인율,앱캡처,카카오페이 앱 굿딜 화면,2026-08-28 21:21,Y
GD_FOOD_003,2026-08-28,전국공통,pay,카카오페이,카카오페이 굿딜(바코드),음식점,롯데리아,percent,5,%,굿딜 상시 5% 할인,,,조건 없음,,통신사 할인과 중복가능(통신사 먼저 적용 후 굿딜 결제),,상시,,앱캡처,카카오페이 앱 굿딜 화면,2026-08-28 21:21,Y
GD_FOOD_004,2026-08-28,전국공통,pay,카카오페이,카카오페이 굿딜(바코드),음식점,포케올데이,percent,5,%,굿딜 상시 5% 할인,,,조건 없음,,통신사 할인과 중복가능(통신사 먼저 적용 후 굿딜 결제),,상시,,앱캡처,카카오페이 앱 굿딜 화면,2026-08-28 21:21,Y
GD_FOOD_005,2026-08-28,전국공통,pay,카카오페이,카카오페이 굿딜(바코드),음식점,노모어피자,percent,5,%,굿딜 상시 5% 할인,,,조건 없음,,통신사 할인과 중복가능(통신사 먼저 적용 후 굿딜 결제),,상시,,앱캡처,카카오페이 앱 굿딜 화면,2026-08-28 21:21,Y
GD_FOOD_006,2026-08-28,전국공통,pay,카카오페이,카카오페이 굿딜(바코드),음식점,경복궁,percent,5,%,굿딜 상시 5% 할인,,,조건 없음,,통신사 할인과 중복가능(통신사 먼저 적용 후 굿딜 결제),,상시,,앱캡처,카카오페이 앱 굿딜 화면,2026-08-28 21:21,Y
GD_FOOD_007,2026-08-28,전국공통,pay,카카오페이,카카오페이 굿딜(바코드),음식점,삿뽀로,percent,5,%,굿딜 상시 5% 할인,,,조건 없음,,통신사 할인과 중복가능(통신사 먼저 적용 후 굿딜 결제),,상시,,앱캡처,카카오페이 앱 굿딜 화면,2026-08-28 21:21,Y
GD_FOOD_008,2026-08-28,전국공통,pay,카카오페이,카카오페이 굿딜(바코드),음식점,맘스터치,percent,4,%,굿딜 상시 4% 할인,,,조건 없음,,통신사 할인과 중복가능(통신사 먼저 적용 후 굿딜 결제),,상시,대학가 다수 입점 브랜드,앱캡처,카카오페이 앱 굿딜 화면,2026-08-28 21:21,Y
GD_FOOD_009,2026-08-28,전국공통,pay,카카오페이,카카오페이 굿딜(바코드),음식점,이삭토스트,percent,4,%,굿딜 상시 4% 할인,,,조건 없음,,통신사 할인과 중복가능(통신사 먼저 적용 후 굿딜 결제),,상시,대학가 다수 입점 브랜드,앱캡처,카카오페이 앱 굿딜 화면,2026-08-28 21:21,Y
GD_FOOD_010,2026-08-28,전국공통,pay,카카오페이,카카오페이 굿딜(바코드),음식점,쉐이크쉑,percent,4,%,굿딜 상시 4% 할인,,,조건 없음,,통신사 할인과 중복가능(통신사 먼저 적용 후 굿딜 결제),,상시,SKT VIP 해피아워 대상 브랜드와 동일,앱캡처,카카오페이 앱 굿딜 화면,2026-08-28 21:21,Y
GD_FOOD_011,2026-08-28,전국공통,pay,카카오페이,카카오페이 굿딜(바코드),음식점,샐러디,percent,4,%,굿딜 상시 4% 할인,,,조건 없음,,통신사 할인과 중복가능(통신사 먼저 적용 후 굿딜 결제),,상시,,앱캡처,카카오페이 앱 굿딜 화면,2026-08-28 21:21,Y
GD_FOOD_012,2026-08-28,전국공통,pay,카카오페이,카카오페이 굿딜(바코드),음식점,홍콩반점,percent,4,%,굿딜 상시 4% 할인,,,조건 없음,,통신사 할인과 중복가능(통신사 먼저 적용 후 굿딜 결제),,상시,,앱캡처,카카오페이 앱 굿딜 화면,2026-08-28 21:21,Y
GD_FOOD_013,2026-08-28,전국공통,pay,카카오페이,카카오페이 굿딜(바코드),음식점,청년다방,percent,4,%,굿딜 상시 4% 할인,,,조건 없음,,통신사 할인과 중복가능(통신사 먼저 적용 후 굿딜 결제),,상시,대학가 다수 입점 브랜드,앱캡처,카카오페이 앱 굿딜 화면,2026-08-28 21:21,Y
GD_FOOD_014,2026-08-28,전국공통,pay,카카오페이,카카오페이 굿딜(바코드),음식점,국수나무,percent,4,%,굿딜 상시 4% 할인,,,조건 없음,,통신사 할인과 중복가능(통신사 먼저 적용 후 굿딜 결제),,상시,,앱캡처,카카오페이 앱 굿딜 화면,2026-08-28 21:21,Y
GD_FOOD_015,2026-08-28,전국공통,pay,카카오페이,카카오페이 굿딜(바코드),음식점,롤링파스타,percent,4,%,굿딜 상시 4% 할인,,,조건 없음,,통신사 할인과 중복가능(통신사 먼저 적용 후 굿딜 결제),,상시,,앱캡처,카카오페이 앱 굿딜 화면,2026-08-28 21:21,Y
GD_FOOD_016,2026-08-28,전국공통,pay,카카오페이,카카오페이 굿딜(바코드),음식점,깐부치킨,percent,4,%,굿딜 상시 4% 할인,,,조건 없음,,통신사 할인과 중복가능(통신사 먼저 적용 후 굿딜 결제),,상시,,앱캡처,카카오페이 앱 굿딜 화면,2026-08-28 21:21,Y
GD_FOOD_017,2026-08-28,전국공통,pay,카카오페이,카카오페이 굿딜(바코드),음식점,생활맥주,percent,4,%,굿딜 상시 4% 할인,,,조건 없음,,통신사 할인과 중복가능(통신사 먼저 적용 후 굿딜 결제),,상시,,앱캡처,카카오페이 앱 굿딜 화면,2026-08-28 21:21,Y
GD_FOOD_018,2026-08-28,전국공통,pay,카카오페이,카카오페이 굿딜(바코드),음식점,또봉이통닭,percent,4,%,굿딜 상시 4% 할인,,,조건 없음,,통신사 할인과 중복가능(통신사 먼저 적용 후 굿딜 결제),,상시,,앱캡처,카카오페이 앱 굿딜 화면,2026-08-28 21:21,Y
GD_FOOD_019,2026-08-28,전국공통,pay,카카오페이,카카오페이 굿딜(바코드),음식점,리춘시장,percent,4,%,굿딜 상시 4% 할인,,,조건 없음,,통신사 할인과 중복가능(통신사 먼저 적용 후 굿딜 결제),,상시,,앱캡처,카카오페이 앱 굿딜 화면,2026-08-28 21:21,Y
GD_FOOD_020,2026-08-28,전국공통,pay,카카오페이,카카오페이 굿딜(바코드),음식점,새마을식당,percent,4,%,굿딜 상시 4% 할인,,,조건 없음,,통신사 할인과 중복가능(통신사 먼저 적용 후 굿딜 결제),,상시,,앱캡처,카카오페이 앱 굿딜 화면,2026-08-28 21:21,Y
GD_FOOD_021,2026-08-28,전국공통,pay,카카오페이,카카오페이 굿딜(바코드),음식점,원조쌈밥집,percent,4,%,굿딜 상시 4% 할인,,,조건 없음,,통신사 할인과 중복가능(통신사 먼저 적용 후 굿딜 결제),,상시,,앱캡처,카카오페이 앱 굿딜 화면,2026-08-28 21:21,Y
GD_FOOD_022,2026-08-28,전국공통,pay,카카오페이,카카오페이 굿딜(바코드),음식점,인생설렁탕,percent,4,%,굿딜 상시 4% 할인,,,조건 없음,,통신사 할인과 중복가능(통신사 먼저 적용 후 굿딜 결제),,상시,,앱캡처,카카오페이 앱 굿딜 화면,2026-08-28 21:21,Y
GD_FOOD_023,2026-08-28,전국공통,pay,카카오페이,카카오페이 굿딜(바코드),음식점,제일제면소,percent,4,%,굿딜 상시 4% 할인,,,조건 없음,,통신사 할인과 중복가능(통신사 먼저 적용 후 굿딜 결제),,상시,,앱캡처,카카오페이 앱 굿딜 화면,2026-08-28 21:21,Y
GD_FOOD_024,2026-08-28,전국공통,pay,카카오페이,카카오페이 굿딜(바코드),음식점,고구려,percent,4,%,굿딜 상시 4% 할인,,,조건 없음,,통신사 할인과 중복가능(통신사 먼저 적용 후 굿딜 결제),,상시,,앱캡처,카카오페이 앱 굿딜 화면,2026-08-28 21:21,Y
GD_FOOD_025,2026-08-28,전국공통,pay,카카오페이,카카오페이 굿딜(바코드),음식점,라그릴리아,percent,4,%,굿딜 상시 4% 할인,,,조건 없음,,통신사 할인과 중복가능(통신사 먼저 적용 후 굿딜 결제),,상시,,앱캡처,카카오페이 앱 굿딜 화면,2026-08-28 21:21,Y
GD_FOOD_026,2026-08-28,전국공통,pay,카카오페이,카카오페이 굿딜(바코드),음식점,역전우동,percent,3,%,굿딜 상시 3% 할인,,,조건 없음,,통신사 할인과 중복가능(통신사 먼저 적용 후 굿딜 결제),,상시,,앱캡처,카카오페이 앱 굿딜 화면,2026-08-28 21:21,Y
GD_FOOD_027,2026-08-28,전국공통,pay,카카오페이,카카오페이 굿딜(바코드),음식점,BHC,percent,3,%,굿딜 상시 3% 할인,,,조건 없음,,통신사 할인과 중복가능(통신사 먼저 적용 후 굿딜 결제),,상시,,앱캡처,카카오페이 앱 굿딜 화면,2026-08-28 21:21,Y
GD_FOOD_028,2026-08-28,전국공통,pay,카카오페이,카카오페이 굿딜(바코드),음식점,바르다김선생,percent,3,%,굿딜 상시 3% 할인,,,조건 없음,,통신사 할인과 중복가능(통신사 먼저 적용 후 굿딜 결제),,상시,,앱캡처,카카오페이 앱 굿딜 화면,2026-08-28 21:21,Y
GD_FOOD_029,2026-08-28,전국공통,pay,카카오페이,카카오페이 굿딜(바코드),음식점,VIPS,percent,3,%,굿딜 상시 3% 할인,,,조건 없음,,통신사 할인과 중복가능(통신사 먼저 적용 후 굿딜 결제),,상시,LG U+ VIPS 외식 제휴와는 별개,앱캡처,카카오페이 앱 굿딜 화면,2026-08-28 21:21,Y
GD_FOOD_030,2026-08-28,전국공통,pay,카카오페이,카카오페이 굿딜(바코드),음식점,아그라,percent,3,%,굿딜 상시 3% 할인,,,조건 없음,,통신사 할인과 중복가능(통신사 먼저 적용 후 굿딜 결제),,상시,,앱캡처,카카오페이 앱 굿딜 화면,2026-08-28 21:21,Y
GD_FOOD_031,2026-08-28,전국공통,pay,카카오페이,카카오페이 굿딜(바코드),음식점,죠스떡볶이,percent,3,%,굿딜 상시 3% 할인,,,조건 없음,,통신사 할인과 중복가능(통신사 먼저 적용 후 굿딜 결제),,상시,,앱캡처,카카오페이 앱 굿딜 화면,2026-08-28 21:21,Y
GD_FOOD_032,2026-08-28,전국공통,pay,카카오페이,카카오페이 굿딜(바코드),음식점,또래오래,percent,3,%,굿딜 상시 3% 할인,,,조건 없음,,통신사 할인과 중복가능(통신사 먼저 적용 후 굿딜 결제),,상시,,앱캡처,카카오페이 앱 굿딜 화면,2026-08-28 21:21,Y
GD_FOOD_033,2026-08-28,전국공통,pay,카카오페이,카카오페이 굿딜(바코드),음식점,치킨플러스,percent,3,%,굿딜 상시 3% 할인,,,조건 없음,,통신사 할인과 중복가능(통신사 먼저 적용 후 굿딜 결제),,상시,,앱캡처,카카오페이 앱 굿딜 화면,2026-08-28 21:21,Y
GD_FOOD_034,2026-08-28,전국공통,pay,카카오페이,카카오페이 굿딜(바코드),음식점,멕시카나치킨,percent,3,%,굿딜 상시 3% 할인,,,조건 없음,,통신사 할인과 중복가능(통신사 먼저 적용 후 굿딜 결제),,상시,뉴스 보도(2026-08-28)의 3% 즉시할인과 일치 확인,앱캡처,카카오페이 앱 굿딜 화면,2026-08-28 21:21,Y
GD_FOOD_035,2026-08-28,전국공통,pay,카카오페이,카카오페이 굿딜(바코드),음식점,서가앤쿡,percent,2,%,굿딜 상시 2% 할인,,,조건 없음,,통신사 할인과 중복가능(통신사 먼저 적용 후 굿딜 결제),,상시,굿딜 최저 할인율 구간,앱캡처,카카오페이 앱 굿딜 화면,2026-08-28 21:21,Y
GD_FOOD_036,2026-08-28,전국공통,pay,카카오페이,카카오페이 굿딜(바코드),음식점,토끼정,percent,2,%,굿딜 상시 2% 할인,,,조건 없음,,통신사 할인과 중복가능(통신사 먼저 적용 후 굿딜 결제),,상시,굿딜 최저 할인율 구간,앱캡처,카카오페이 앱 굿딜 화면,2026-08-28 21:21,Y
KP_COUPON_CU,2026-08-28,전국공통,pay,카카오페이,카카오페이 굿딜 20대 쿠폰,편의점,CU,amount,1000,원,2000원 이상 결제 시 1000원 할인,1000,,매주 월요일 지급 / 쿠폰 유효 3일,20대(굿딜 사용자),쿠폰 사용 시 굿딜결제 대신 카카오페이머니 또는 페이포인트로 결제,,상시,대학생 타겟에 유용한 혜택,블로그,류카이브 블로그,2026-08,PARTIAL
KP_SUMMER_CP,2026-08-28,전국공통,pay,카카오페이,굿딜 썸머패스(20대 전용),카페,컴포즈커피,percent,99,%,컴포즈커피 99% 할인 쿠폰,,,쿠폰 1회,20대 전용,타 프로모션과 중복불가,쿠폰별 최소결제금액 및 최대할인금액 조건 있음,2026-08-31,CU 위클리쿠폰은 2026-08-31 오전 10시 공개 예정,블로그,긍긍노트 / data diary 블로그,2026-08-24,PARTIAL
NP_CU_D,2026-08-28,전국공통,pay,네이버페이,Npay 현장결제(QR),편의점,CU,percent,5,%,결제액의 5% 즉시할인,5000,,1일 1회,네이버플러스 멤버십,적립분(NP_CU_P)과 중복가능하여 합산 최대 10%,삼성페이 결제 제외,상시,멤버십 가입 ID / CU멤버십 등록 ID / 결제 ID 일치 필요,공식페이지,네이버 공식 고객센터,공식페이지,Y
NP_CU_P,2026-08-28,전국공통,pay,네이버페이,Npay 현장결제(QR),편의점,CU,point,5,%,결제액의 5% 즉시적립,5000,,1일 1회,네이버플러스 멤버십,할인분(NP_CU_D)과 중복가능하여 합산 최대 10%,삼성페이 결제 제외,상시,유효구매금액 한도와 무관하게 적립,공식페이지,네이버 공식 고객센터,공식페이지,Y
SKT_CU_D,2026-08-28,전국공통,telecom,SKT,T멤버십(할인형),편의점,CU,percent,10,%,1천원당 100원 할인(상위등급) / 1천원당 50원 할인(하위등급),,,1일 1회,등급별 상이,적립형과 택일 / 굿딜과 중복가능,,상시,포인트 사용 가능(100% 10P 단위),블로그(공식페이지 인용),T world 혜택브랜드,2026-08 조회,PARTIAL
SKT_CU_P,2026-08-28,전국공통,telecom,SKT,T멤버십(적립형),편의점,CU,point,10,%,1천원당 100P 적립(상위등급) / 1천원당 50P 적립(하위등급),,,1일 1회,등급별 상이,할인형과 택일,,상시,,블로그(공식페이지 인용),T world 혜택브랜드,2026-08 조회,PARTIAL
SKT_711,2026-08-28,전국공통,telecom,SKT,T멤버십,편의점,세븐일레븐,percent,10,%,1천원당 100원 할인,,200000,1일 1회,T멤버십 전 고객(등급 무관),굿딜과 중복가능(통신사 먼저 적용 후 굿딜 결제),휴게소 등 특수입지,상시,1일 이용금액 20만원 한도 내 할인. 할인한도 부족 시 거절. 굿딜 10%와 합산 시 최대 약 20%,블로그(공식 공지 인용),SKT 멤버십 공지,공지 기준,PARTIAL
SKT_PB,2026-08-28,전국공통,telecom,SKT,T멤버십,카페,파리바게뜨,percent,10,%,천원당 100원 할인(모바일카드) / 천원당 50원 할인(플라스틱카드),,,1일 1회,카드 종류별 상이,굿딜과 중복가능(통신사 먼저 적용 후 굿딜 결제),,상시,굿딜 4%와 합산 시 최대 약 14%,블로그(공식페이지 인용),T world 혜택브랜드,2026-08 조회,PARTIAL
SKT_BR,2026-08-28,전국공통,telecom,SKT,T멤버십,카페,배스킨라빈스,percent,50,%,싱글레귤러 50% 할인(2000원) 또는 30% 할인(1200원),,,1일 1회,등급별 상이,,,상시,특정 메뉴(싱글레귤러) 한정. 포인트 사용 가능,블로그(공식페이지 인용),T world 혜택브랜드,2026-08 조회,PARTIAL
SKT_MEGA,2026-08-28,전국공통,telecom,SKT,T멤버십,카페,메가MGC커피,amount,500,원,아메리카노 500원 할인 쿠폰 3장,,,쿠폰 3장,전 등급,,앱 주문 제외(키오스크 또는 카운터 주문 기준),상시,,블로그,곰돌쿤 블로그,2026-07-06,PARTIAL
SKT_HH_BMD,2026-08-28,전국공통,telecom,SKT,T멤버십 VIP 해피아워,카페,백미당,percent,,,할인율 미공개,,,특정 시간대,VIP,,,2026-08-31,2026-08-03~08-31 운영. 8월 마지막주 유효,뉴스,전자신문 / 뉴스웍스 / 데일리포스트,2026-08,PARTIAL
SKT_HH_SS,2026-08-28,전국공통,telecom,SKT,T멤버십 VIP 해피아워,음식점,쉐이크쉑,percent,,,할인율 미공개,,,특정 시간대,VIP,굿딜 4%와 중복 가능성 있음(확인 필요),,2026-08-31,2026-08-03~08-31 운영. 8월 마지막주 유효,뉴스,전자신문 / 뉴스웍스 / 데일리포스트,2026-08,PARTIAL
SKT_BW,2026-08-28,전국공통,telecom,SKT,T day 브랜드 위크,기타(카테고리외),11번가,percent,,,,,,,,,,2026-08-31,[시점주의] 8월 순서는 2주차 뚜레쥬르 / 3주차 도미노피자 / 4주차 11번가. 마지막주는 11번가로 편의점·음식점·카페와 무관,뉴스,전자신문 / 파이낸셜투데이 / 뉴스웍스,2026-08,PARTIAL
SKT_YW,2026-08-28,전국공통,telecom,SKT,T멤버십 영 위크,편의점,영위크 제휴 브랜드,percent,,,,,,,만 13~34세,,,2026-08 1주차,[시점주의] 청년 대상 편의점·외식·문화 혜택이나 8월 첫째 주 한정으로 마지막주엔 종료. 대학생 타겟이라 재운영 시 수집 가치 높음,뉴스,뉴스1 / 전자신문 / 뉴스웍스,2026-08,PARTIAL
SKT_UZ_711,2026-08-28,전국공통,telecom,SKT,SKT 우주패스 라이프,편의점,세븐일레븐,percent,30,%,최대 30% 할인,,9000,1일,우주패스 라이프,,,2026-08,[적용범위 주의] 원 기사 문맥이 추석 시즌 편의점 할인 행사이고 관련 기사가 추석 선물세트를 다루므로 일반 상품 결제 적용 여부 불명확,뉴스,한국경제,2026-08-21,N
KT_GS_H,2026-08-28,전국공통,telecom,KT,KT멤버십,편의점,GS25,percent,10,%,1000원당 100원 할인,,200000,1일 1회,VVIP/VIP/GOLD,굿딜과 중복가능(통신사 먼저 적용 후 굿딜 결제),주류·담배·서비스상품·안전상비의약품·제휴사 행사상품(1+1 2+1),상시,굿딜 3%와 합산 시 최대 약 13%,블로그(공식페이지 인용),KT 멤버십 혜택안내,2026-08 조회,PARTIAL
KT_GS_L,2026-08-28,전국공통,telecom,KT,KT멤버십,편의점,GS25,percent,5,%,1000원당 50원 할인,,200000,1일 1회,SILVER/WHITE/일반,굿딜과 중복가능(통신사 먼저 적용 후 굿딜 결제),주류·담배·서비스상품·안전상비의약품·제휴사 행사상품(1+1 2+1),상시,굿딜 3%와 합산 시 최대 약 8%,블로그(공식페이지 인용),KT 멤버십 혜택안내,2026-08 조회,PARTIAL
KT_EM,2026-08-28,전국공통,telecom,KT,KT멤버십,편의점,이마트24,percent,10,%,등급별 최대 1000원당 100원 할인,,200000,1일 1회,등급별 상이,굿딜과 중복가능(통신사 먼저 적용 후 굿딜 결제),,상시,KT 멤버십 편의점 제휴처는 GS25와 이마트24,블로그(공식페이지 인용)/뉴스,KT 멤버십 안내 / 한국경제,2026-08,PARTIAL
KT_GONGCHA,2026-08-28,전국공통,telecom,KT,KT멤버십 8월 달달혜택,카페,공차,percent,50,%,공차 50% 할인,,,달달혜택 통합 1회,전 등급,,,2026-08-31,전 등급 대상. KT 멤버십 앱 달달혜택 메뉴에서 쿠폰 확인 필요. 굿딜 공차 5%보다 유리,블로그,모두행복하세요 블로그,2026-08,PARTIAL
KT_MEGA,2026-08-28,전국공통,telecom,KT,KT멤버십,카페,메가MGC커피,amount,500,원,전 등급 아메리카노 500원 할인 쿠폰 3장 / VVIP·VIP 초이스 아메리카노 2잔 무료,,,쿠폰 3장 또는 초이스 월 1회,전 등급 및 VVIP/VIP,,메가오더(앱주문) 제한 가능,상시,,블로그,곰돌쿤 블로그,2026-07-06,PARTIAL
KT_FEST,2026-08-28,전국공통,telecom,KT,KT 멤버십 페스타(케멤페),카페,제휴 카페,percent,,,할인율 미공개,,,,,,,2026-08-31,2026-08-03~08-31 진행. 공항라운지·숙소·주유·카페 등. 카페 대상 브랜드와 할인율 미공개,뉴스,테크월드,2026-08,N
LG_GS_H,2026-08-28,전국공통,telecom,LG U+,U+멤버십,편의점,GS25,percent,10,%,천원당 100원 할인,100000,,1일 1회,VVIP/VIP,굿딜과 중복가능(통신사 먼저 적용 후 굿딜 결제),,상시,월 최대 10만원까지 할인 가능. 굿딜 3%와 합산 시 최대 약 13%,블로그,김집사와근식이 / 하쿠나마타타 블로그,2026-03~08,PARTIAL
LG_GS_L,2026-08-28,전국공통,telecom,LG U+,U+멤버십,편의점,GS25,percent,5,%,천원당 50원 할인,100000,,1일 1회,우수(일반),굿딜과 중복가능(통신사 먼저 적용 후 굿딜 결제),,상시,월 최대 10만원까지 할인 가능,블로그,김집사와근식이 블로그,2026-03-16,PARTIAL
LG_PB,2026-08-28,전국공통,telecom,LG U+,U+멤버십,카페,파리바게뜨,percent,10,%,1천원당 최대 100원 할인,,,1일 1회,전 등급(기본 제휴),굿딜과 중복가능(통신사 먼저 적용 후 굿딜 결제),,상시,굿딜 4%와 합산 시 최대 약 14%,블로그,하쿠나마타타 / 키윗 / moneybiz 블로그,2026-08,PARTIAL
LG_BR,2026-08-28,전국공통,telecom,LG U+,U+멤버십,카페,배스킨라빈스,amount,4000,원,패밀리 사이즈 4000원 할인,,,,전 등급(기본 제휴),,,상시,LG U+ 대표 멤버십 기본 혜택으로 안내됨,블로그,moneybiz 블로그,2026-08,PARTIAL
LG_VIPKOK,2026-08-28,전국공통,telecom,LG U+,U+멤버십 VIP콕,카페,스타벅스,percent,,,무료 음료 또는 사이즈업,,,월 1회 택1,VVIP/VIP,,,상시,VIP콕 선택지는 스타벅스·배스킨라빈스·CGV·네이버플러스 멤버십 등,블로그,끌림 / 청년개미 / 키윗 블로그,2026-08,PARTIAL
LG_UPLUS2,2026-08-28,전국공통,telecom,LG U+,U+멤버십 유플투쁠,음식점,아웃백/도미노피자/BBQ,percent,50,%,외식 카테고리 최대 50%,,,날짜별 선착순,멤버십 고객,,,2026-08-27,[시점주의] 2026-08-11~08-27 운영으로 8월 마지막주(28일)에는 종료. 매일 오전 11시 선착순 오픈,블로그,발악하는김과장 / 문쌤 블로그,2026-08,PARTIAL
LG_EM,2026-08-28,전국공통,telecom,LG U+,U+멤버십,편의점,이마트24,percent,,,할인율 미확보,,,1일 1회,등급별 상이,,,2026-08,2026-05 LG U+ 멤버십 제휴 도입. GS25와 동일 구조 추정되나 개별 확인 필요,뉴스,한국경제 / 더페어 / 메가경제,2026-08 / 2026-05,N
TEL3_GS,2026-08-28,전국공통,telecom,SKT/KT/LG U+,통신3사 멤버십,편의점,GS25,percent,10,%,3사 모두 상위등급 기준 약 10%(천원당 100원),,,1일 1회,등급별 상이,,,상시,GS25는 통신 3사 모두와 제휴한 업계 유일 편의점. KT와 LG U+ 등급표는 개별 행 참조,뉴스,EBN / 노컷뉴스 / 위키트리,2025-07-01,PARTIAL
DP_DEVENTI,2026-08-28,전국공통,pay,당근페이,당근페이 현장결제,카페,더벤티,percent,10,%,결제 시 10% 혜택(즉시 적립),,,,,,,확인필요,보도 시점 2026-02이므로 현재 유효 여부 확인 필요. 굿딜 더벤티 10%와 비교 필요,뉴스,더퍼블릭,2026-02-12,N
DP_CVS,2026-08-28,전국공통,pay,당근페이,당근페이 현장결제,편의점,CU/GS25/세븐일레븐/이마트24,percent,,,할인율 및 적립률 미확보,,,,,,,상시,현장결제 가맹점 30만곳 돌파(2026-07). 편의점 4사 제휴는 확인되나 브랜드별 수치 미확보,뉴스,PPSS / 이코노믹리뷰 / 서울경제,2026-07,N
DP_CAFE,2026-08-28,전국공통,pay,당근페이,당근페이 현장결제,카페,공차/메가MGC커피/컴포즈커피/배스킨라빈스/파리바게뜨,percent,,,할인율 및 적립률 미확보,,,,,,,상시,제휴 카페·디저트 브랜드군은 확인되나 브랜드별 수치 미확보,뉴스,PPSS,2026-07-23,N
