benefit_id,collected_period,region,provider_type,provider_name,payment_method,category,merchant_brand,discount_type,discount_value,unit,rate_detail,cap_krw,daily_limit_krw,usage_limit,membership_grade,stackable,exclusions,valid_until,notes,source_name,source_date,verified
PAY001A,2026-08 마지막주,회기동,pay,네이버페이,Npay 현장결제(QR),편의점,CU,percent,5,%,결제액의 5% 즉시할인,5000,,1일 1회,네이버플러스 멤버십,PAY001B와 중복가능,삼성페이 결제 제외,상시,[즉시할인분] 적립분과 중복되어 합산 최대 10%. 멤버십/CU멤버십/결제 ID 일치 필요,네이버 공식 고객센터,공식페이지,Y
PAY001B,2026-08 마지막주,회기동,pay,네이버페이,Npay 현장결제(QR),편의점,CU,point,5,%,결제액의 5% 즉시적립,5000,,1일 1회,네이버플러스 멤버십,PAY001A와 중복가능,삼성페이 결제 제외,상시,[적립분] 할인분과 중복되어 합산 최대 10%. 유효구매금액 한도와 무관하게 적립,네이버 공식 고객센터,공식페이지,Y
KP_BASE_CVS,2026-08 마지막주,회기동,pay,카카오페이,카카오페이 굿딜(바코드),편의점,편의점 카테고리 공통,percent,3,%,굿딜 편의점 상시 할인율 3%,,,조건 없음,,통신사 할인과 중복가능(통신사 먼저 적용 후 굿딜 결제),,상시,[중복규칙] 상시 굿딜은 통신사 할인과 중복 사례 다수 확인(CU/메가커피/공차/이마트24/세븐일레븐). 단 고할인율 특별프로모션(투썸50%·뚜레쥬르25%·블루샥20%)은 중복불가 조건 별도,알면개이득·쏘리치·바람따라구름따라 블로그,2025-09 / 2026-08,PARTIAL
KP_BASE_CAFE,2026-08 마지막주,회기동,pay,카카오페이,카카오페이 굿딜(바코드),카페,카페 카테고리 공통,percent,8,%,굿딜 카페 상시 할인율 최대 8%,,,조건 없음,,통신사 할인과 중복가능(통신사 먼저 적용 후 굿딜 결제),,상시,굿딜 카테고리별 상시 할인율 중 카페 최대치. 브랜드별로 실제 적용률 상이,알면개이득 블로그,2025-09-07,PARTIAL
KP001,2026-08 마지막주,회기동,pay,카카오페이,카카오페이 굿딜(바코드),편의점,세븐일레븐,percent,10,%,기본 3% + 입점기념 한시혜택 = 최대 10%,5000,,1일 1회,,통신사 할인과 중복가능(통신사 먼저 적용 후 굿딜 결제),휴게소·리조트 등 특수매장/담배/복권,2026-10-31,세븐일레븐 굿딜 입점(2026-08-19) 기념 특별 프로모션. 8월 마지막주 유효,비즈월드·더밸류뉴스·부동산금융인사이트,2026-08-19~22,PARTIAL
KP002,2026-08 마지막주,회기동,pay,카카오페이,카카오페이 굿딜(바코드),편의점,CU,percent,3,%,굿딜 기본 할인 3%,,,조건 없음,,통신사 할인과 중복가능(통신사 먼저 적용 후 굿딜 결제),,상시,편의점 4사 모두 굿딜 이용 가능,매일경제·전자신문·SBS Biz,2026-08-19,PARTIAL
KP002B,2026-08 마지막주,회기동,pay,카카오페이,카카오페이 굿딜 20대 쿠폰,편의점,CU,amount,1000,원,2000원 이상 결제 시 1000원 할인(50%),1000,,매주 월요일 지급/쿠폰 3일,20대(굿딜 사용자),쿠폰 사용 시 굿딜결제 대신 카카오페이머니/페이포인트로 결제,,상시,20대 대상 매주 월요일 CU 1000원 쿠폰 지급. 대학생 타겟에 유용,류카이브 블로그,2026-08,PARTIAL
KP003,2026-08 마지막주,회기동,pay,카카오페이,카카오페이 굿딜(바코드),편의점,GS25,percent,5,%,기본 3% / 프로모션 시 최대 5%,,,조건 없음,,통신사 할인과 중복가능(통신사 먼저 적용 후 굿딜 결제),,상시,굿딜 브랜드별 최대 프로모션 할인율 기준 GS25 최대 5%,알면개이득 블로그,2025-09-07,PARTIAL
KP004,2026-08 마지막주,회기동,pay,카카오페이,카카오페이 굿딜(바코드),편의점,이마트24,percent,10,%,기본 3% / 프로모션 시 최대 10%,,,조건 없음,,통신사 할인과 중복가능(통신사 먼저 적용 후 굿딜 결제),,상시,굿딜 브랜드별 최대 프로모션 할인율 기준 이마트24 최대 10%,알면개이득 블로그,2025-09-07,PARTIAL
KP005,2026-08 마지막주,회기동,pay,카카오페이,카카오페이 굿딜(바코드),음식점,자담치킨,percent,3,%,결제액 3% 즉시할인,,,조건 없음,,통신사 할인과 중복가능(통신사 먼저 적용 후 굿딜 결제),,상시,2026-08-03부터 굿딜 도입. 홀/포장 결제 시 적용,시선뉴스·K스피릿·신아일보,2026-08-03,PARTIAL
KP006,2026-08 마지막주,회기동,pay,카카오페이,카카오페이 굿딜(바코드),음식점,멕시카나치킨,percent,3,%,결제액 3% 즉시할인,,,조건 없음,,통신사 할인과 중복가능(통신사 먼저 적용 후 굿딜 결제),,상시,카카오페이 앱/카카오톡 굿딜 바코드 결제 시. 조사일 당일 보도,에너지경제·데일리경제·뉴스로드,2026-08-28,PARTIAL
KP007,2026-08 마지막주,회기동,pay,카카오페이,카카오페이 굿딜(바코드),카페,카페인중독,percent,5,%,전 메뉴 상시 5% 할인,,,조건 없음,,통신사 할인과 중복가능(통신사 먼저 적용 후 굿딜 결제),,상시,시즌/이벤트 한정이 아닌 상시 적용,하이뉴스,2026-07-29,PARTIAL
KP009,2026-08 마지막주,회기동,pay,카카오페이,카카오페이 굿딜(바코드),카페,컴포즈커피,percent,5,%,굿딜 5% 할인,,,조건 없음,,통신사 할인과 중복가능(통신사 먼저 적용 후 굿딜 결제),,상시,실사용 후기 확인(4일 전): 5100원 결제분에 20대 쿠폰 1000원 + 굿딜 5% 적용해 3845원 결제,Welcome to Saltybae 블로그,2026-08-24,PARTIAL
KP010,2026-08 마지막주,회기동,pay,카카오페이,카카오페이 굿딜(바코드),카페,메가MGC커피,percent,5,%,굿딜 5% 할인(무제한),,,조건 없음,,통신사 할인과 중복가능(통신사 먼저 적용 후 굿딜 결제),,상시,횟수 제한 없이 5% 할인. 이벤트 기간에 따라 할인율 변동 가능,재테크와 IT 옥이의공간 블로그,2026-05-07,PARTIAL
KP011,2026-08 마지막주,회기동,pay,카카오페이,카카오페이 굿딜(바코드),카페,블루샥,percent,20,%,굿딜 20% 할인,,,조건 없음,,카드/통신사 제휴할인 및 타 쿠폰과 중복불가,,2026-08-31,2026년 8월 진행. 기프티콘 선택 후 굿딜 20% 바코드 스캔 시 자동 적용. 현금영수증은 매장에서 별도 발급,루다의일상·순몽씨의알뜰한일상,2026-08-24~26,PARTIAL
KP012,2026-08 마지막주,회기동,pay,카카오페이,카카오페이 굿딜(바코드),카페,파리바게뜨,percent,15,%,기본 3% / 프로모션 시 최대 15%,,,조건 없음,,통신사 할인과 중복가능(통신사 먼저 적용 후 굿딜 결제),,상시,굿딜 브랜드별 최대 프로모션 할인율 기준 파리바게뜨 최대 15%,알면개이득 블로그,2025-09-07,PARTIAL
KP013,2026-08 마지막주,회기동,pay,카카오페이,굿딜 썸머패스(20대 전용),카페,컴포즈커피,percent,99,%,컴포즈커피 99% 쿠폰,,,쿠폰 1회,20대 전용,타 프로모션과 중복불가,쿠폰별 최소결제금액/최대할인금액 조건 있음,2026-08-31,굿딜 썸머패스 20대 전용 혜택. CU 위클리쿠폰은 2026-08-31 오전 10시 공개 예정,긍긍노트·data diary 블로그,2026-08-24,PARTIAL
TEL_SKT_CU_D,2026-08 마지막주,회기동,telecom,SKT,T멤버십(할인형),편의점,CU,percent,10,%,1천원당 100원 할인(상위등급) / 1천원당 50원 할인(하위등급),,,1일 1회,등급별 상이,적립형과 택일/굿딜과 중복가능(통신사 먼저 적용 후 굿딜 결제),,상시,할인형 선택 시. 포인트 사용 가능(100% 10P 단위),T world 혜택브랜드(검색 스니펫),2026-08 조회,PARTIAL
TEL_SKT_CU_P,2026-08 마지막주,회기동,telecom,SKT,T멤버십(적립형),편의점,CU,point,10,%,1천원당 100P 적립(상위등급) / 1천원당 50P 적립(하위등급),,,1일 1회,등급별 상이,할인형과 택일,,상시,적립형 선택 시,T world 혜택브랜드(검색 스니펫),2026-08 조회,PARTIAL
TEL_SKT_711,2026-08 마지막주,회기동,telecom,SKT,T멤버십,편의점,세븐일레븐,percent,10,%,1천원당 100원 할인,,200000,1일 1회,T멤버십 전 고객(등급 무관),굿딜과 중복가능(통신사 먼저 적용 후 굿딜 결제),휴게소 등 특수입지,상시,전 고객 동일 적용. 1일 이용금액 20만원 한도 내 할인. 할인한도 부족 시 거절,SKT 멤버십 공지(검색 스니펫),공지 기준,PARTIAL
TEL_SKT_PB,2026-08 마지막주,회기동,telecom,SKT,T멤버십,카페,파리바게뜨,percent,10,%,천원당 100원 할인(모바일카드) / 천원당 50원 할인(플라스틱카드),,,1일 1회,카드 종류별 상이,굿딜과 중복가능(통신사 먼저 적용 후 굿딜 결제),,상시,모바일카드 사용 시 10% / 플라스틱카드 5%,T world 혜택브랜드(검색 스니펫),2026-08 조회,PARTIAL
TEL_SKT_BR,2026-08 마지막주,회기동,telecom,SKT,T멤버십,카페,배스킨라빈스,percent,50,%,싱글레귤러 50% 할인(2000원) / 싱글레귤러 30% 할인(1200원),,,1일 1회,등급별 상이,,,상시,특정 메뉴(싱글레귤러) 한정. 포인트 사용 가능,T world 혜택브랜드(검색 스니펫),2026-08 조회,PARTIAL
TEL_SKT_MEGA,2026-08 마지막주,회기동,telecom,SKT,T멤버십,카페,메가MGC커피,amount,500,원,아메리카노 500원 할인 쿠폰 3장,,,쿠폰 3장,전 등급,,앱 주문 제외(키오스크/카운터 주문 기준),상시,전 등급 대상 아메리카노 할인 쿠폰. 메가커피 앱 주문 시 적용 제한,곰돌쿤 블로그,2026-07-06,PARTIAL
TEL_SKT_HH1,2026-08 마지막주,회기동,telecom,SKT,T멤버십 VIP 해피아워,카페,백미당,percent,,,할인율 미공개,,,특정 시간대,VIP,,,2026-08-31,2026-08-03~08-31 VIP 대상 시간대 할인. 8월 마지막주 유효,전자신문·뉴스웍스·데일리포스트,2026-08,PARTIAL
TEL_SKT_HH2,2026-08 마지막주,회기동,telecom,SKT,T멤버십 VIP 해피아워,음식점,쉐이크쉑,percent,,,할인율 미공개,,,특정 시간대,VIP,,,2026-08-31,2026-08-03~08-31 VIP 대상 시간대 할인. 8월 마지막주 유효,전자신문·뉴스웍스·데일리포스트,2026-08,PARTIAL
TEL_SKT_BW,2026-08 마지막주,회기동,telecom,SKT,T day 브랜드 위크,기타(카테고리외),11번가,percent,,,,,,,,,,2026-08-31,[시점주의] 8월 브랜드위크: 2주차 뚜레쥬르 → 3주차 도미노피자 → 4주차 11번가. 마지막주는 11번가로 편의점/음식점/카페와 무관,전자신문·파이낸셜투데이·뉴스웍스,2026-08,PARTIAL
TEL_SKT_YW,2026-08 마지막주,회기동,telecom,SKT,T멤버십 영 위크,편의점,영위크 제휴 브랜드,percent,,,,,,,만 13~34세,,,2026-08 1주차,[시점주의] 청년 대상 편의점/외식/문화 혜택. 8월 첫째 주 한정으로 마지막주엔 종료,뉴스1·전자신문·뉴스웍스,2026-08,PARTIAL
TEL_KT_GS_H,2026-08 마지막주,회기동,telecom,KT,KT멤버십,편의점,GS25,percent,10,%,1000원당 100원 할인,,200000,1일 1회,VVIP/VIP/GOLD,굿딜과 중복가능(통신사 먼저 적용 후 굿딜 결제),주류·담배·서비스상품·안전상비의약품·제휴사 행사상품(1+1 2+1),상시,상위 3등급 10% 할인. 일 1회 / 결제금액 최대 20만원 한도,KT 멤버십 혜택안내(검색 스니펫),2026-08 조회,PARTIAL
TEL_KT_GS_L,2026-08 마지막주,회기동,telecom,KT,KT멤버십,편의점,GS25,percent,5,%,1000원당 50원 할인,,200000,1일 1회,SILVER/WHITE/일반,굿딜과 중복가능(통신사 먼저 적용 후 굿딜 결제),주류·담배·서비스상품·안전상비의약품·제휴사 행사상품(1+1 2+1),상시,하위 등급 5% 할인. 일 1회 / 결제금액 최대 20만원 한도,KT 멤버십 혜택안내(검색 스니펫),2026-08 조회,PARTIAL
TEL_KT_EM,2026-08 마지막주,회기동,telecom,KT,KT멤버십,편의점,이마트24,percent,10,%,등급별 최대 1000원당 100원 할인,,200000,1일 1회,등급별 상이,굿딜과 중복가능(통신사 먼저 적용 후 굿딜 결제),,상시,KT 멤버십 편의점 제휴처는 GS25·이마트24,KT 멤버십 안내(검색 스니펫)·한국경제,2026-08,PARTIAL
TEL_KT_GONG,2026-08 마지막주,회기동,telecom,KT,KT멤버십 8월 달달혜택,카페,공차,percent,50,%,공차 50% 할인,,,달달혜택 통합 1회,전 등급,,,2026-08-31,2026년 8월 달달혜택. 전 등급 대상. KT 멤버십 앱 달달혜택 메뉴에서 쿠폰 확인 필요,모두행복하세요 블로그,2026-08,PARTIAL
TEL_KT_MEGA,2026-08 마지막주,회기동,telecom,KT,KT멤버십,카페,메가MGC커피,amount,500,원,전 등급 아메리카노 500원 할인 쿠폰 3장 / VVIP·VIP 초이스 아메리카노 2잔 무료,,,쿠폰 3장 또는 초이스 월1회,전 등급 및 VVIP/VIP,,메가오더(앱주문) 제한 가능,상시,VVIP/VIP는 초이스 혜택으로 아메리카노 2잔 무료 선택 가능,곰돌쿤 블로그,2026-07-06,PARTIAL
TEL_LG_GS_H,2026-08 마지막주,회기동,telecom,LG U+,U+멤버십,편의점,GS25,percent,10,%,천원당 100원 할인,100000,,1일 1회,VVIP/VIP,굿딜과 중복가능(통신사 먼저 적용 후 굿딜 결제),,상시,월 최대 10만원까지 할인 가능. 일 1회,김집사와근식이·하쿠나마타타 블로그,2026-03~08,PARTIAL
TEL_LG_GS_L,2026-08 마지막주,회기동,telecom,LG U+,U+멤버십,편의점,GS25,percent,5,%,천원당 50원 할인,100000,,1일 1회,우수(일반),굿딜과 중복가능(통신사 먼저 적용 후 굿딜 결제),,상시,월 최대 10만원까지 할인 가능. 일 1회,김집사와근식이 블로그,2026-03-16,PARTIAL
TEL_LG_PB,2026-08 마지막주,회기동,telecom,LG U+,U+멤버십,카페,파리바게뜨,percent,10,%,1천원당 최대 100원 할인,,,1일 1회,전 등급(기본 제휴),굿딜과 중복가능(통신사 먼저 적용 후 굿딜 결제),,상시,LG U+ 기본 제휴 할인. 전 등급 대상,하쿠나마타타·키윗·moneybiz 블로그,2026-08,PARTIAL
TEL_LG_BR,2026-08 마지막주,회기동,telecom,LG U+,U+멤버십,카페,배스킨라빈스,amount,4000,원,패밀리 사이즈 4000원 할인,,,,전 등급(기본 제휴),,,상시,LG U+ 대표 멤버십 기본 혜택으로 안내됨,moneybiz 블로그,2026-08,PARTIAL
TEL_LG_VIPKOK,2026-08 마지막주,회기동,telecom,LG U+,U+멤버십 VIP콕,카페,스타벅스,percent,,,무료 음료 또는 사이즈업,,,월 1회 택1,VVIP/VIP,,,상시,VIP콕은 VVIP/VIP가 월 1회 혜택 1개 선택. 선택지: 스타벅스·배스킨라빈스·CGV·네이버플러스 멤버십 등,끌림·청년개미·키윗 블로그,2026-08,PARTIAL
TEL_LG_UPLUS2,2026-08 마지막주,회기동,telecom,LG U+,U+멤버십 유플투쁠,음식점,아웃백/도미노피자/BBQ,percent,50,%,외식 카테고리 최대 50%,,,날짜별 선착순,멤버십 고객,,,2026-08-27,[시점주의] 2026-08-11~08-27 운영으로 8월 마지막주(28일)에는 종료. 매일 오전 11시 선착순 오픈. 쇼핑(GS25 등) 20~30%,발악하는김과장·문쌤 블로그,2026-08,PARTIAL
TEL_3SA_GS,2026-08 마지막주,회기동,telecom,SKT/KT/LG U+,통신3사 멤버십,편의점,GS25,percent,10,%,3사 모두 상위등급 기준 약 10%(천원당 100원),,,1일 1회,등급별 상이,,,상시,GS25는 통신 3사 모두와 제휴한 업계 유일 편의점. KT/LG U+ 등급표 확인됨,EBN·노컷뉴스·위키트리,2025-07-01,PARTIAL
TEL_LG_EM,2026-08 마지막주,회기동,telecom,LG U+,U+멤버십,편의점,이마트24,percent,,,할인율 미확보,,,1일 1회,등급별 상이,,,2026-08,이마트24는 2026-05 LG U+ 멤버십 제휴 도입. 1일 1회 중복 적용 가능. GS25와 동일 구조 추정되나 개별 확인 필요,한국경제·더페어·메가경제,2026-08-21 / 2026-05-03,N
TEL_KT_FEST,2026-08 마지막주,회기동,telecom,KT,KT 멤버십 페스타(케멤페),카페,제휴 카페,percent,,,할인율 미공개,,,,,,,2026-08-31,2026-08-03~08-31 진행. 공항라운지/숙소/주유/카페 등. 카페 대상 브랜드·할인율 미공개,테크월드,2026-08,N
TEL_SKT_UZ,2026-08 마지막주,회기동,telecom,SKT,SKT 우주패스 라이프,편의점,세븐일레븐,percent,30,%,최대 30% 할인,,9000,1일,우주패스 라이프,,,2026-08,[적용범위 주의] 원 기사 문맥이 추석 시즌 편의점 할인 행사이고 관련 기사가 추석 선물세트를 다루므로 일반 결제 적용 여부 불명확,한국경제,2026-08-21,N
DP001,2026-08 마지막주,회기동,pay,당근페이,당근페이 현장결제,카페,더벤티,percent,10,%,결제 시 10% 혜택(즉시 적립),,,,,,,확인필요,보도 시점 2026-02이므로 2026-08 현재 유효 여부 확인 필요,더퍼블릭,2026-02-12,N
DP002,2026-08 마지막주,회기동,pay,당근페이,당근페이 현장결제,편의점,CU/GS25/세븐일레븐/이마트24,percent,,,할인율/적립률 미확보,,,,,,,상시,현장결제 가맹점 30만곳 돌파(2026-07). 편의점 4사 제휴 확인. 브랜드별 수치는 다수 경로 검색했으나 미확보,PPSS·이코노믹리뷰·서울경제,2026-07-22~23,N
DP003,2026-08 마지막주,회기동,pay,당근페이,당근페이 현장결제,카페,공차/메가MGC커피/컴포즈커피/배스킨라빈스/파리바게뜨,percent,,,할인율/적립률 미확보,,,,,,,상시,제휴 카페·디저트 브랜드군 확인(2026-07). 브랜드별 수치 미확보,PPSS,2026-07-23,N
KP014,2026-08 마지막주,회기동,pay,카카오페이,카카오페이 굿딜(바코드),카페,투썸플레이스,percent,50,%,특정 시간대 50% 할인(최대 15000원),15000,,이벤트 시간 14:00~17:00,,중복불가(통신사·카드사 제휴할인/쿠폰/세트메뉴/매장프로모션),투썸하트 앱 결제 불가/기프트카드·모바일상품권 구매시 사용불가,확인필요,[중복불가 사례] 고할인율 프로모션이라 통신사 중복 제외. 보도 시점 2026-06이므로 8월 현재 진행 여부 확인 필요,도아 블로그,2026-06-14,N
KP015,2026-08 마지막주,회기동,pay,카카오페이,카카오페이 굿딜(바코드),카페,뚜레쥬르,percent,25,%,굿딜 25% 할인,,,조건 없음,,중복불가(통신사 할인·카드 할인·포인트 적립),,확인필요,[중복불가 사례] 통신사 할인(통상 10~15%)보다 굿딜 25%가 유리해 굿딜 단독 사용이 이득. 결제 시 카카오페이 바코드를 먼저 제시. 보도 2026-05이므로 현재 진행 여부 확인 필요,관리형 워킹맘 블로그,2026-05-11,N
KP016,2026-08 마지막주,회기동,pay,카카오페이,카카오페이 굿딜(바코드),카페,빽다방,percent,20,%,전상품 무제한 20% 할인,,,무제한,,통신사 할인과 중복가능(통신사 먼저 적용 후 굿딜 결제),,확인필요,전상품 무제한 20% 할인 이벤트로 확인됨. 정확한 진행 기간 미확인이므로 8월 마지막주 유효 여부 확인 필요,카카오페이 굿딜 빽다방 이벤트 안내(블로그),시점미상,N
