store_id,region,merchant_brand,category,store_name,address,latitude,longitude,notes
ST001,회기동,CU,편의점,CU 회기역점(예시),서울 동대문구 회기동,37.589800,127.057900,예시 좌표. 실제 지점 좌표로 교체 필요
ST002,회기동,CU,편의점,CU 경희대앞점(예시),서울 동대문구 회기동,37.590500,127.052000,예시 좌표. 실제 지점 좌표로 교체 필요
ST003,회기동,GS25,편의점,GS25 회기점(예시),서울 동대문구 회기동,37.589300,127.056100,예시 좌표. 실제 지점 좌표로 교체 필요
ST004,회기동,GS25,편의점,GS25 경희대정문점(예시),서울 동대문구 회기동,37.592000,127.051500,예시 좌표. 실제 지점 좌표로 교체 필요
ST005,회기동,세븐일레븐,편의점,세븐일레븐 회기점(예시),서울 동대문구 회기동,37.588900,127.058800,예시 좌표. 굿딜 특별프로모션(최대 10%) 대상 브랜드
ST006,회기동,세븐일레븐,편의점,세븐일레븐 경희대점(예시),서울 동대문구 회기동,37.591000,127.053800,예시 좌표. 굿딜 특별프로모션(최대 10%) 대상 브랜드
ST007,회기동,이마트24,편의점,이마트24 회기점(예시),서울 동대문구 회기동,37.590100,127.057200,예시 좌표. 실제 지점 좌표로 교체 필요
ST008,회기동,메가MGC커피,카페,메가MGC커피 경희대점(예시),서울 동대문구 회기동,37.591200,127.053500,예시 좌표. 굿딜/당근페이 제휴 브랜드군
ST009,회기동,컴포즈커피,카페,컴포즈커피 회기점(예시),서울 동대문구 회기동,37.590900,127.055000,예시 좌표. 굿딜/당근페이 제휴 브랜드군
ST010,회기동,더벤티,카페,더벤티 회기점(예시),서울 동대문구 회기동,37.589600,127.054500,예시 좌표. 당근페이 10% 혜택(2026-02 보도) 대상 브랜드
ST011,회기동,빽다방,카페,빽다방 경희대점(예시),서울 동대문구 회기동,37.591800,127.052500,예시 좌표. 굿딜 제휴 카페 브랜드군
ST012,회기동,자담치킨,음식점,자담치킨 회기점(예시),서울 동대문구 회기동,37.588500,127.055500,예시 좌표. 굿딜 3% 즉시할인 대상 브랜드
ST013,회기동,멕시카나치킨,음식점,멕시카나치킨 회기점(예시),서울 동대문구 회기동,37.589900,127.053000,예시 좌표. 굿딜 3% 즉시할인 대상 브랜드
ST014,회기동,파리바게뜨,카페,파리바게뜨 회기점(예시),서울 동대문구 회기동,37.590300,127.056800,예시 좌표. 당근페이 제휴 브랜드군
ST015,회기동,카페인중독,카페,카페인중독 회기점(예시),서울 동대문구 회기동,37.591400,127.055800,예시 좌표. 굿딜 전 메뉴 상시 5% 할인 대상 브랜드(카페 카테고리 확정 혜택)
